"framework","group","variable","level","weighting","included_total","excluded_total","included_nonmissing","excluded_nonmissing","included_valid_weight_sum","excluded_valid_weight_sum","included_mean_or_proportion","excluded_mean_or_proportion","included_variance","excluded_variance","absolute_SMD"
"MAIN_8_CYCLES","OVERALL","stroke","1","UNWEIGHTED",10528,2801,10528,2801,,,0.0365691489361702,0.0414137807925741,0.0352318462822544,0.0396986795530387,0.0250291665532581
"MAIN_8_CYCLES","OVERALL","stroke","1","SURVEY_WEIGHTED",10528,2801,10528,2801,176308898.097532,38397743.9341545,0.0267881475108833,0.03216762215354,0.0260705426638185,0.0311328662385271,0.0318085525808912
"MAIN_8_CYCLES","OVERALL","RIDAGEYR","CONTINUOUS","UNWEIGHTED",10528,2801,10528,2801,,,49.4420592705167,50.8429132452695,314.06047840363,340.632457795685,0.0774263946704547
"MAIN_8_CYCLES","OVERALL","RIDAGEYR","CONTINUOUS","SURVEY_WEIGHTED",10528,2801,10528,2801,176308898.097532,38397743.9341545,47.0659043955199,48.3428077508082,279.090034887253,311.650058760457,0.0742976029169843
"MAIN_8_CYCLES","OVERALL","sex","Female","UNWEIGHTED",10528,2801,10528,2801,,,0.496010638297872,0.525169582292039,0.24998408499321,0.249366492127244,0.0583557978924173
"MAIN_8_CYCLES","OVERALL","sex","Female","SURVEY_WEIGHTED",10528,2801,10528,2801,176308898.097532,38397743.9341545,0.504971573848951,0.533663898459107,0.249975283453464,0.248866741940535,0.0574512148311554
"MAIN_8_CYCLES","OVERALL","sex","Male","UNWEIGHTED",10528,2801,10528,2801,,,0.503989361702128,0.474830417707961,0.24998408499321,0.249366492127244,0.0583557978924174
"MAIN_8_CYCLES","OVERALL","sex","Male","SURVEY_WEIGHTED",10528,2801,10528,2801,176308898.097532,38397743.9341545,0.495028426151049,0.466336101540893,0.249975283453464,0.248866741940535,0.0574512148311556
"MAIN_8_CYCLES","OVERALL","race_eth_f","Non-Hispanic White","UNWEIGHTED",10528,2801,10528,2801,,,0.447663373860182,0.348803998571939,0.247260877564301,0.227139769152166,0.202983260087315
"MAIN_8_CYCLES","OVERALL","race_eth_f","Non-Hispanic White","SURVEY_WEIGHTED",10528,2801,10528,2801,176308898.097532,38397743.9341545,0.694019846980243,0.588671521292769,0.212356298977763,0.242137361311626,0.220993103391283
"MAIN_8_CYCLES","OVERALL","race_eth_f","Mexican American","UNWEIGHTED",10528,2801,10528,2801,,,0.152545592705167,0.17743662977508,0.129275434851396,0.145952872189141,0.0670982881065705
"MAIN_8_CYCLES","OVERALL","race_eth_f","Mexican American","SURVEY_WEIGHTED",10528,2801,10528,2801,176308898.097532,38397743.9341545,0.077508633619043,0.103853335511127,0.0715010453335519,0.09306782021434,0.0918405442620469
"MAIN_8_CYCLES","OVERALL","race_eth_f","Other Hispanic","UNWEIGHTED",10528,2801,10528,2801,,,0.083016717325228,0.107818636201357,0.0761249419697712,0.0961937778890362,0.0844955915271709
"MAIN_8_CYCLES","OVERALL","race_eth_f","Other Hispanic","SURVEY_WEIGHTED",10528,2801,10528,2801,176308898.097532,38397743.9341545,0.0500934501777571,0.0757618013975322,0.0475840964270457,0.0700219508465331,0.105851774790497
"MAIN_8_CYCLES","OVERALL","race_eth_f","Non-Hispanic Black","UNWEIGHTED",10528,2801,10528,2801,,,0.217135258358663,0.230274901820778,0.169987537936179,0.177248371412209,0.031534522786734
"MAIN_8_CYCLES","OVERALL","race_eth_f","Non-Hispanic Black","SURVEY_WEIGHTED",10528,2801,10528,2801,176308898.097532,38397743.9341545,0.108702977766654,0.137472162939058,0.096886640391316,0.118573567355915,0.0876514333175204
"MAIN_8_CYCLES","OVERALL","race_eth_f","Other/Multiracial","UNWEIGHTED",10528,2801,10528,2801,,,0.0996390577507599,0.135665833630846,0.0897111159213006,0.117260615216094,0.111991453071086
"MAIN_8_CYCLES","OVERALL","race_eth_f","Other/Multiracial","SURVEY_WEIGHTED",10528,2801,10528,2801,176308898.097532,38397743.9341545,0.0696750914563036,0.094241178859514,0.0648204730868593,0.0853597790666831,0.0896488196655026
"MAIN_8_CYCLES","OVERALL","edu_f","College or above","UNWEIGHTED",10528,2801,10528,2785,,,0.530585106382979,0.447037701974865,0.249064551267542,0.247194994987897,0.167723347958677
"MAIN_8_CYCLES","OVERALL","edu_f","College or above","SURVEY_WEIGHTED",10528,2801,10528,2785,176308898.097532,38200180.0825204,0.614431126629758,0.529146276776702,0.236905517258244,0.249150494550056,0.172999053672842
"MAIN_8_CYCLES","OVERALL","edu_f","High school graduate","UNWEIGHTED",10528,2801,10528,2785,,,0.235087386018237,0.221184919210054,0.179821306953349,0.172262150724096,0.0331347771762089
"MAIN_8_CYCLES","OVERALL","edu_f","High school graduate","SURVEY_WEIGHTED",10528,2801,10528,2785,176308898.097532,38200180.0825204,0.236315421990925,0.240556364993802,0.180470443320176,0.182689000254771,0.00995242154046917
"MAIN_8_CYCLES","OVERALL","edu_f","Less than high school","UNWEIGHTED",10528,2801,10528,2785,,,0.234327507598784,0.331777378815081,0.179418126781326,0.221701149721675,0.217600305477462
"MAIN_8_CYCLES","OVERALL","edu_f","Less than high school","SURVEY_WEIGHTED",10528,2801,10528,2785,176308898.097532,38200180.0825204,0.149253451379317,0.230297358229496,0.126976858630679,0.177260485022011,0.207792135448837
"MAIN_8_CYCLES","OVERALL","marital_f","Married/partnered","UNWEIGHTED",10528,2801,10528,2793,,,0.600398936170213,0.571786609380594,0.23992005361589,0.244846682713638,0.058116810058497
"MAIN_8_CYCLES","OVERALL","marital_f","Married/partnered","SURVEY_WEIGHTED",10528,2801,10528,2793,176308898.097532,38266921.9674654,0.639927778857089,0.616837531721075,0.230420216704122,0.236348991181327,0.047796102057202
"MAIN_8_CYCLES","OVERALL","marital_f","Never married","UNWEIGHTED",10528,2801,10528,2793,,,0.180091185410334,0.191908342284282,0.147658350347835,0.155079530445981,0.030373484335775
"MAIN_8_CYCLES","OVERALL","marital_f","Never married","SURVEY_WEIGHTED",10528,2801,10528,2793,176308898.097532,38266921.9674654,0.178372977608679,0.187937347904333,0.146556058467692,0.152616901167019,0.0247292081953596
"MAIN_8_CYCLES","OVERALL","marital_f","Separated/divorced/widowed","UNWEIGHTED",10528,2801,10528,2793,,,0.219509878419453,0.236305048335124,0.17132529169573,0.180464972466458,0.0400458477321642
"MAIN_8_CYCLES","OVERALL","marital_f","Separated/divorced/widowed","SURVEY_WEIGHTED",10528,2801,10528,2793,176308898.097532,38266921.9674654,0.181699243534233,0.195225120374592,0.14868462843332,0.157112272749318,0.0345910612565078
"MAIN_8_CYCLES","OVERALL","pir","CONTINUOUS","UNWEIGHTED",10528,2801,10528,1589,,,2.56672207446808,2.2782945248584,2.68214815035527,2.50573166131131,0.179083999555848
"MAIN_8_CYCLES","OVERALL","pir","CONTINUOUS","SURVEY_WEIGHTED",10528,2801,10528,1589,176308898.097532,22393320.8477231,3.05566321311327,2.71777539407455,2.70249266388033,2.74219699381017,0.20478633245404
"MAIN_8_CYCLES","OVERALL","bmi","CONTINUOUS","UNWEIGHTED",10528,2801,10528,2654,,,29.1418949468085,28.9805124340618,48.3526326299811,45.3210751990538,0.0235810215701271
"MAIN_8_CYCLES","OVERALL","bmi","CONTINUOUS","SURVEY_WEIGHTED",10528,2801,10528,2654,176308898.097532,36593876.7953481,28.9201529804281,28.7658048796415,46.6793869725044,48.1645371664954,0.0224135955330683
"MAIN_8_CYCLES","OVERALL","smoking_f","Never","UNWEIGHTED",10528,2801,10528,2791,,,0.541793313069909,0.56610533858832,0.248253318982641,0.245630084210124,0.0489242216105648
"MAIN_8_CYCLES","OVERALL","smoking_f","Never","SURVEY_WEIGHTED",10528,2801,10528,2791,176308898.097532,38328998.6387814,0.545906908345695,0.550747459106729,0.24789255576614,0.247424695394211,0.00972675662753758
"MAIN_8_CYCLES","OVERALL","smoking_f","Ever","UNWEIGHTED",10528,2801,10528,2791,,,0.458206686930091,0.43389466141168,0.248253318982641,0.245630084210124,0.048924221610565
"MAIN_8_CYCLES","OVERALL","smoking_f","Ever","SURVEY_WEIGHTED",10528,2801,10528,2791,176308898.097532,38328998.6387814,0.454093091654305,0.449252540893271,0.24789255576614,0.247424695394211,0.00972675662753736
"MAIN_8_CYCLES","OVERALL","hypertension_f","No","UNWEIGHTED",10528,2801,10528,2772,,,0.64209726443769,0.63997113997114,0.229808367439325,0.23040807997518,0.00443223332939972
"MAIN_8_CYCLES","OVERALL","hypertension_f","No","SURVEY_WEIGHTED",10528,2801,10528,2772,176308898.097532,38021257.846803,0.684814757494718,0.673876963111626,0.215843505412169,0.219766801699078,0.0234366578134673
"MAIN_8_CYCLES","OVERALL","hypertension_f","Yes","UNWEIGHTED",10528,2801,10528,2772,,,0.35790273556231,0.36002886002886,0.229808367439325,0.23040807997518,0.00443223332939972
"MAIN_8_CYCLES","OVERALL","hypertension_f","Yes","SURVEY_WEIGHTED",10528,2801,10528,2772,176308898.097532,38021257.846803,0.315185242505282,0.326123036888374,0.215843505412169,0.219766801699078,0.0234366578134673
"MAIN_8_CYCLES","OVERALL","diabetes_f","No","UNWEIGHTED",10528,2801,10528,2492,,,0.870820668693009,0.86677367576244,0.11249203167007,0.115477070767709,0.0119869708420427
"MAIN_8_CYCLES","OVERALL","diabetes_f","No","SURVEY_WEIGHTED",10528,2801,10528,2492,176308898.097532,33796213.8232998,0.905669493350278,0.895682319508073,0.0854322621649289,0.0934355020287112,0.0333957782093105
"MAIN_8_CYCLES","OVERALL","diabetes_f","Yes","UNWEIGHTED",10528,2801,10528,2492,,,0.129179331306991,0.13322632423756,0.11249203167007,0.115477070767709,0.0119869708420427
"MAIN_8_CYCLES","OVERALL","diabetes_f","Yes","SURVEY_WEIGHTED",10528,2801,10528,2492,176308898.097532,33796213.8232998,0.0943305066497222,0.104317680491927,0.0854322621649289,0.0934355020287113,0.0333957782093108
"MAIN_8_CYCLES","OVERALL","hyperlipidemia_f","No","UNWEIGHTED",10528,2801,10528,2509,,,0.665748480243161,0.666799521721802,0.222527441297082,0.222177919553378,0.00222894150322804
"MAIN_8_CYCLES","OVERALL","hyperlipidemia_f","No","SURVEY_WEIGHTED",10528,2801,10528,2509,176308898.097532,34410865.8671724,0.670875583463397,0.66832081674147,0.220801534976044,0.221668102651484,0.00543155911955198
"MAIN_8_CYCLES","OVERALL","hyperlipidemia_f","Yes","UNWEIGHTED",10528,2801,10528,2509,,,0.334251519756839,0.333200478278198,0.222527441297082,0.222177919553378,0.00222894150322804
"MAIN_8_CYCLES","OVERALL","hyperlipidemia_f","Yes","SURVEY_WEIGHTED",10528,2801,10528,2509,176308898.097532,34410865.8671724,0.329124416536603,0.33167918325853,0.220801534976044,0.221668102651484,0.00543155911955198
"MAIN_8_CYCLES","2003_2004","stroke","1","UNWEIGHTED",1162,294,1162,294,,,0.03184165232358,0.0442176870748299,0.0308277615008843,0.0422624832245823,0.0647391227215521
"MAIN_8_CYCLES","2003_2004","stroke","1","SURVEY_WEIGHTED",1162,294,1162,294,20202305.2228533,4495611.77880553,0.0209417923390719,0.0357306099125277,0.0205032336726991,0.0344539334278064,0.0892146714924837
"MAIN_8_CYCLES","2003_2004","RIDAGEYR","CONTINUOUS","UNWEIGHTED",1162,294,1162,294,,,50.7228915662651,49.843537414966,352.148812303477,421.914002461053,0.0446982698995259
"MAIN_8_CYCLES","2003_2004","RIDAGEYR","CONTINUOUS","SURVEY_WEIGHTED",1162,294,1162,294,20202305.2228533,4495611.77880553,46.5799236525434,46.0371796688289,275.493088759942,314.594853832887,0.0315974216415138
"MAIN_8_CYCLES","2003_2004","sex","Female","UNWEIGHTED",1162,294,1162,294,,,0.499139414802065,0.520408163265306,0.249999259393117,0.249583506872137,0.0425552561205664
"MAIN_8_CYCLES","2003_2004","sex","Female","SURVEY_WEIGHTED",1162,294,1162,294,20202305.2228533,4495611.77880553,0.506559077595042,0.542217714219336,0.249956978501102,0.248217664606094,0.0714478102487417
"MAIN_8_CYCLES","2003_2004","sex","Male","UNWEIGHTED",1162,294,1162,294,,,0.500860585197935,0.479591836734694,0.249999259393117,0.249583506872137,0.0425552561205665
"MAIN_8_CYCLES","2003_2004","sex","Male","SURVEY_WEIGHTED",1162,294,1162,294,20202305.2228533,4495611.77880553,0.493440922404958,0.457782285780663,0.249956978501102,0.248217664606094,0.071447810248742
"MAIN_8_CYCLES","2003_2004","race_eth_f","Non-Hispanic White","UNWEIGHTED",1162,294,1162,294,,,0.537005163511188,0.45578231292517,0.24863061787351,0.248044796149752,0.162988474119937
"MAIN_8_CYCLES","2003_2004","race_eth_f","Non-Hispanic White","SURVEY_WEIGHTED",1162,294,1162,294,20202305.2228533,4495611.77880553,0.737628464784703,0.639781373874108,0.193532712724065,0.230461167517867,0.212511835272197
"MAIN_8_CYCLES","2003_2004","race_eth_f","Mexican American","UNWEIGHTED",1162,294,1162,294,,,0.20223752151463,0.22108843537415,0.16133750640625,0.17220833911796,0.046160408011332
"MAIN_8_CYCLES","2003_2004","race_eth_f","Mexican American","SURVEY_WEIGHTED",1162,294,1162,294,20202305.2228533,4495611.77880553,0.0706071188552326,0.102937071655813,0.0656217536221956,0.0923410309347392,0.115038359007084
"MAIN_8_CYCLES","2003_2004","race_eth_f","Other Hispanic","UNWEIGHTED",1162,294,1162,294,,,0.0249569707401033,0.054421768707483,0.0243341203515809,0.0514600397982322,0.151356331476804
"MAIN_8_CYCLES","2003_2004","race_eth_f","Other Hispanic","SURVEY_WEIGHTED",1162,294,1162,294,20202305.2228533,4495611.77880553,0.0301877104750314,0.0651290400852624,0.0292764126113071,0.0608872482228346,0.164565448042951
"MAIN_8_CYCLES","2003_2004","race_eth_f","Non-Hispanic Black","UNWEIGHTED",1162,294,1162,294,,,0.193631669535284,0.207482993197279,0.156138446088263,0.164433800731177,0.0345973882141854
"MAIN_8_CYCLES","2003_2004","race_eth_f","Non-Hispanic Black","SURVEY_WEIGHTED",1162,294,1162,294,20202305.2228533,4495611.77880553,0.108325977112305,0.125547118709227,0.0965914597949693,0.109785039693038,0.0536101243503188
"MAIN_8_CYCLES","2003_2004","race_eth_f","Other/Multiracial","UNWEIGHTED",1162,294,1162,294,,,0.0421686746987952,0.0612244897959184,0.0403904775729424,0.0574760516451479,0.0861440794946734
"MAIN_8_CYCLES","2003_2004","race_eth_f","Other/Multiracial","SURVEY_WEIGHTED",1162,294,1162,294,20202305.2228533,4495611.77880553,0.0532507287727277,0.06660539567559,0.0504150886579011,0.0621691169424881,0.0562871583750441
"MAIN_8_CYCLES","2003_2004","edu_f","College or above","UNWEIGHTED",1162,294,1162,293,,,0.487091222030981,0.378839590443686,0.249833363451347,0.235320155156146,0.219790975183899
"MAIN_8_CYCLES","2003_2004","edu_f","College or above","SURVEY_WEIGHTED",1162,294,1162,293,20202305.2228533,4487651.0226637,0.585343975135688,0.454593779559167,0.242716405908039,0.247938275145278,0.263978995362314
"MAIN_8_CYCLES","2003_2004","edu_f","High school graduate","UNWEIGHTED",1162,294,1162,293,,,0.235800344234079,0.25938566552901,0.180198541893169,0.192104742047083,0.0546648752336903
"MAIN_8_CYCLES","2003_2004","edu_f","High school graduate","SURVEY_WEIGHTED",1162,294,1162,293,20202305.2228533,4487651.0226637,0.25282059357596,0.282767783207615,0.188902341039859,0.202810163987466,0.0676686250787516
"MAIN_8_CYCLES","2003_2004","edu_f","Less than high school","UNWEIGHTED",1162,294,1162,293,,,0.27710843373494,0.361774744027304,0.200319349687908,0.230893778611283,0.182339031825208
"MAIN_8_CYCLES","2003_2004","edu_f","Less than high school","SURVEY_WEIGHTED",1162,294,1162,293,20202305.2228533,4487651.0226637,0.161835431288352,0.262638437233218,0.135644724468065,0.193659488520911,0.248421876122924
"MAIN_8_CYCLES","2003_2004","marital_f","Married/partnered","UNWEIGHTED",1162,294,1162,294,,,0.600688468158348,0.557823129251701,0.239861832379925,0.246656485723541,0.0869103824846316
"MAIN_8_CYCLES","2003_2004","marital_f","Married/partnered","SURVEY_WEIGHTED",1162,294,1162,294,20202305.2228533,4495611.77880553,0.636867495087695,0.590789475647204,0.23126728878842,0.241757271111706,0.0947473247685705
"MAIN_8_CYCLES","2003_2004","marital_f","Never married","UNWEIGHTED",1162,294,1162,294,,,0.157487091222031,0.210884353741497,0.132684907320455,0.166412143088528,0.138079093009496
"MAIN_8_CYCLES","2003_2004","marital_f","Never married","SURVEY_WEIGHTED",1162,294,1162,294,20202305.2228533,4495611.77880553,0.162559375072822,0.224350890832874,0.136133824648755,0.17401756861537,0.156912296392341
"MAIN_8_CYCLES","2003_2004","marital_f","Separated/divorced/widowed","UNWEIGHTED",1162,294,1162,294,,,0.241824440619621,0.231292517006803,0.183345380538629,0.177796288583461,0.0247847132080992
"MAIN_8_CYCLES","2003_2004","marital_f","Separated/divorced/widowed","SURVEY_WEIGHTED",1162,294,1162,294,20202305.2228533,4495611.77880553,0.200573129839483,0.184859633519922,0.160343549425877,0.150686549414802,0.0398461730548503
"MAIN_8_CYCLES","2003_2004","pir","CONTINUOUS","UNWEIGHTED",1162,294,1162,195,,,2.64728055077453,2.21497435897436,2.68712041907015,1.96698492201956,0.283392497918374
"MAIN_8_CYCLES","2003_2004","pir","CONTINUOUS","SURVEY_WEIGHTED",1162,294,1162,195,20202305.2228533,2792522.8860401,3.06292827148719,2.47494011629565,2.66440244253071,2.1737529208958,0.378045149395391
"MAIN_8_CYCLES","2003_2004","bmi","CONTINUOUS","UNWEIGHTED",1162,294,1162,272,,,28.2936488812392,28.5447058823529,35.6311858128713,42.1699357065335,0.0402526434084175
"MAIN_8_CYCLES","2003_2004","bmi","CONTINUOUS","SURVEY_WEIGHTED",1162,294,1162,272,20202305.2228533,4247299.50187533,28.1601027127509,28.6133813913183,35.7562039319282,46.8811218797739,0.0705167294401661
"MAIN_8_CYCLES","2003_2004","smoking_f","Never","UNWEIGHTED",1162,294,1162,293,,,0.467297762478485,0.563139931740614,0.248930563661086,0.246013349019791,0.192660924103612
"MAIN_8_CYCLES","2003_2004","smoking_f","Never","SURVEY_WEIGHTED",1162,294,1162,293,20202305.2228533,4490697.85070885,0.462462112815488,0.571979364024808,0.248590907025723,0.244818971154584,0.22049239393042
"MAIN_8_CYCLES","2003_2004","smoking_f","Ever","UNWEIGHTED",1162,294,1162,293,,,0.532702237521515,0.436860068259386,0.248930563661086,0.246013349019791,0.192660924103611
"MAIN_8_CYCLES","2003_2004","smoking_f","Ever","SURVEY_WEIGHTED",1162,294,1162,293,20202305.2228533,4490697.85070885,0.537537887184512,0.428020635975192,0.248590907025723,0.244818971154584,0.22049239393042
"MAIN_8_CYCLES","2003_2004","hypertension_f","No","UNWEIGHTED",1162,294,1162,277,,,0.660929432013769,0.736462093862816,0.224101717911726,0.194085678166013,0.165182607775013
"MAIN_8_CYCLES","2003_2004","hypertension_f","No","SURVEY_WEIGHTED",1162,294,1162,277,20202305.2228533,4265999.4763296,0.705263929965745,0.773081867561139,0.207866719055018,0.175426293609321,0.154915233182084
"MAIN_8_CYCLES","2003_2004","hypertension_f","Yes","UNWEIGHTED",1162,294,1162,277,,,0.339070567986231,0.263537906137184,0.224101717911726,0.194085678166013,0.165182607775013
"MAIN_8_CYCLES","2003_2004","hypertension_f","Yes","SURVEY_WEIGHTED",1162,294,1162,277,20202305.2228533,4265999.4763296,0.294736070034255,0.226918132438861,0.207866719055018,0.175426293609321,0.154915233182084
"MAIN_8_CYCLES","2003_2004","diabetes_f","No","UNWEIGHTED",1162,294,1162,272,,,0.886402753872633,0.897058823529412,0.100692911799645,0.0923442906574394,0.0342997963151488
"MAIN_8_CYCLES","2003_2004","diabetes_f","No","SURVEY_WEIGHTED",1162,294,1162,272,20202305.2228533,4163762.97050517,0.92167313492006,0.917479762202606,0.0721917672866891,0.0757106481512552,0.0154202292308439
"MAIN_8_CYCLES","2003_2004","diabetes_f","Yes","UNWEIGHTED",1162,294,1162,272,,,0.113597246127367,0.102941176470588,0.100692911799645,0.0923442906574394,0.0342997963151486
"MAIN_8_CYCLES","2003_2004","diabetes_f","Yes","SURVEY_WEIGHTED",1162,294,1162,272,20202305.2228533,4163762.97050517,0.0783268650799403,0.0825202377973935,0.0721917672866891,0.0757106481512552,0.0154202292308436
"MAIN_8_CYCLES","2003_2004","hyperlipidemia_f","No","UNWEIGHTED",1162,294,1162,238,,,0.680722891566265,0.777310924369748,0.217339236463928,0.173098651225196,0.218606132787454
"MAIN_8_CYCLES","2003_2004","hyperlipidemia_f","No","SURVEY_WEIGHTED",1162,294,1162,238,20202305.2228533,3737224.92197914,0.688465806224021,0.771488522292691,0.21448063988433,0.176293982263331,0.187822993948797
"MAIN_8_CYCLES","2003_2004","hyperlipidemia_f","Yes","UNWEIGHTED",1162,294,1162,238,,,0.319277108433735,0.222689075630252,0.217339236463928,0.173098651225196,0.218606132787454
"MAIN_8_CYCLES","2003_2004","hyperlipidemia_f","Yes","SURVEY_WEIGHTED",1162,294,1162,238,20202305.2228533,3737224.92197914,0.311534193775979,0.228511477707309,0.21448063988433,0.176293982263331,0.187822993948797
"MAIN_8_CYCLES","2005_2006","stroke","1","UNWEIGHTED",1128,248,1128,248,,,0.0372340425531915,0.0362903225806452,0.0358476686283386,0.0349733350676379,0.00501507122716809
"MAIN_8_CYCLES","2005_2006","stroke","1","SURVEY_WEIGHTED",1128,248,1128,248,21154970.6616497,4077574.86537626,0.0308658410303832,0.0290936471142984,0.0299131408878703,0.028247206811887,0.0103923255270708
"MAIN_8_CYCLES","2005_2006","RIDAGEYR","CONTINUOUS","UNWEIGHTED",1128,248,1128,248,,,48.7278368794326,52.0604838709677,321.250617499544,413.546934177876,0.173868321400918
"MAIN_8_CYCLES","2005_2006","RIDAGEYR","CONTINUOUS","SURVEY_WEIGHTED",1128,248,1128,248,21154970.6616497,4077574.86537626,46.3485657652111,48.7927921778562,259.610628558623,355.865215157207,0.139332017126768
"MAIN_8_CYCLES","2005_2006","sex","Female","UNWEIGHTED",1128,248,1128,248,,,0.476063829787234,0.491935483870968,0.249427059755545,0.249934963579605,0.03176357905794
"MAIN_8_CYCLES","2005_2006","sex","Female","SURVEY_WEIGHTED",1128,248,1128,248,21154970.6616497,4077574.86537626,0.499355799924528,0.533258587662601,0.249999585006263,0.248893866346689,0.0678807304108684
"MAIN_8_CYCLES","2005_2006","sex","Male","UNWEIGHTED",1128,248,1128,248,,,0.523936170212766,0.508064516129032,0.249427059755545,0.249934963579605,0.03176357905794
"MAIN_8_CYCLES","2005_2006","sex","Male","SURVEY_WEIGHTED",1128,248,1128,248,21154970.6616497,4077574.86537626,0.500644200075472,0.466741412337399,0.249999585006263,0.248893866346689,0.0678807304108682
"MAIN_8_CYCLES","2005_2006","race_eth_f","Non-Hispanic White","UNWEIGHTED",1128,248,1128,248,,,0.512411347517731,0.475806451612903,0.249845958452794,0.249414672216441,0.0732639809905693
"MAIN_8_CYCLES","2005_2006","race_eth_f","Non-Hispanic White","SURVEY_WEIGHTED",1128,248,1128,248,21154970.6616497,4077574.86537626,0.733221397038069,0.674850674348374,0.195607779963612,0.219427241679919,0.12813497711253
"MAIN_8_CYCLES","2005_2006","race_eth_f","Mexican American","UNWEIGHTED",1128,248,1128,248,,,0.181737588652482,0.189516129032258,0.148709037523263,0.153599765868887,0.0200072643906255
"MAIN_8_CYCLES","2005_2006","race_eth_f","Mexican American","SURVEY_WEIGHTED",1128,248,1128,248,21154970.6616497,4077574.86537626,0.0748896721448341,0.0807616837998319,0.0692812091508734,0.0742392342296478,0.021920225777754
"MAIN_8_CYCLES","2005_2006","race_eth_f","Other Hispanic","UNWEIGHTED",1128,248,1128,248,,,0.0310283687943262,0.0362903225806452,0.0300656091242895,0.0349733350676379,0.0291793280149872
"MAIN_8_CYCLES","2005_2006","race_eth_f","Other Hispanic","SURVEY_WEIGHTED",1128,248,1128,248,21154970.6616497,4077574.86537626,0.0315204713651805,0.036829427908471,0.0305269312500973,0.0354730211484057,0.0292248544629598
"MAIN_8_CYCLES","2005_2006","race_eth_f","Non-Hispanic Black","UNWEIGHTED",1128,248,1128,248,,,0.23936170212766,0.262096774193548,0.182067677682209,0.193402055150884,0.052471546716347
"MAIN_8_CYCLES","2005_2006","race_eth_f","Non-Hispanic Black","SURVEY_WEIGHTED",1128,248,1128,248,21154970.6616497,4077574.86537626,0.109716563152808,0.146856024591204,0.0976788389227442,0.125289332632472,0.11123185074076
"MAIN_8_CYCLES","2005_2006","race_eth_f","Other/Multiracial","UNWEIGHTED",1128,248,1128,248,,,0.0354609929078014,0.0362903225806452,0.0342035108897943,0.0349733350676379,0.00445925002862263
"MAIN_8_CYCLES","2005_2006","race_eth_f","Other/Multiracial","SURVEY_WEIGHTED",1128,248,1128,248,21154970.6616497,4077574.86537626,0.0506518962991083,0.0607021893521185,0.0480862817004127,0.0570174335599781,0.0438414277694179
"MAIN_8_CYCLES","2005_2006","edu_f","College or above","UNWEIGHTED",1128,248,1128,246,,,0.49822695035461,0.475609756097561,0.249996856294955,0.24940511600238,0.0452614642219999
"MAIN_8_CYCLES","2005_2006","edu_f","College or above","SURVEY_WEIGHTED",1128,248,1128,246,21154970.6616497,4047136.51669673,0.589498854533417,0.549931905787631,0.241989955037206,0.247506804784415,0.0799783881947325
"MAIN_8_CYCLES","2005_2006","edu_f","High school graduate","UNWEIGHTED",1128,248,1128,246,,,0.25,0.223577235772358,0.1875,0.173590455416749,0.0621849433266762
"MAIN_8_CYCLES","2005_2006","edu_f","High school graduate","SURVEY_WEIGHTED",1128,248,1128,246,21154970.6616497,4047136.51669673,0.248822726245475,0.256627828078107,0.186909977149244,0.19076998593402,0.0179610449186866
"MAIN_8_CYCLES","2005_2006","edu_f","Less than high school","UNWEIGHTED",1128,248,1128,246,,,0.25177304964539,0.300813008130081,0.18838338111765,0.210324542269813,0.109834217049418
"MAIN_8_CYCLES","2005_2006","edu_f","Less than high school","SURVEY_WEIGHTED",1128,248,1128,246,21154970.6616497,4047136.51669673,0.161678419221108,0.193440266134262,0.135538507979272,0.156021129572168,0.0831873031613352
"MAIN_8_CYCLES","2005_2006","marital_f","Married/partnered","UNWEIGHTED",1128,248,1128,246,,,0.634751773049645,0.524390243902439,0.231841959659977,0.24940511600238,0.224982457049677
"MAIN_8_CYCLES","2005_2006","marital_f","Married/partnered","SURVEY_WEIGHTED",1128,248,1128,246,21154970.6616497,4027519.6028448,0.679827452545277,0.572907911436108,0.217662087311076,0.244684436450025,0.222376190255578
"MAIN_8_CYCLES","2005_2006","marital_f","Never married","UNWEIGHTED",1128,248,1128,246,,,0.158687943262411,0.207317073170732,0.133506079925557,0.164336704342653,0.126013755684174
"MAIN_8_CYCLES","2005_2006","marital_f","Never married","SURVEY_WEIGHTED",1128,248,1128,246,21154970.6616497,4027519.6028448,0.140979874867038,0.209340816181524,0.121104549749512,0.165517238861978,0.180579493748333
"MAIN_8_CYCLES","2005_2006","marital_f","Separated/divorced/widowed","UNWEIGHTED",1128,248,1128,246,,,0.206560283687943,0.268292682926829,0.1638931328907,0.196311719214753,0.145463279539655
"MAIN_8_CYCLES","2005_2006","marital_f","Separated/divorced/widowed","SURVEY_WEIGHTED",1128,248,1128,246,21154970.6616497,4027519.6028448,0.179192672587685,0.217751272382368,0.147082658678568,0.170335655758228,0.09678772056244
"MAIN_8_CYCLES","2005_2006","pir","CONTINUOUS","UNWEIGHTED",1128,248,1128,171,,,2.79028368794326,2.59573099415205,2.54766451572303,2.62384578603371,0.120988348667013
"MAIN_8_CYCLES","2005_2006","pir","CONTINUOUS","SURVEY_WEIGHTED",1128,248,1128,171,21154970.6616497,2918761.69021328,3.18709733801939,3.00151645604887,2.44598323954443,2.72475472159716,0.115417580903267
"MAIN_8_CYCLES","2005_2006","bmi","CONTINUOUS","UNWEIGHTED",1128,248,1128,235,,,28.7042730496454,28.8442127659574,50.3133016893529,47.751940723768,0.0199847368429311
"MAIN_8_CYCLES","2005_2006","bmi","CONTINUOUS","SURVEY_WEIGHTED",1128,248,1128,235,21154970.6616497,3909734.79665635,28.4717756522702,28.8463291098022,49.1397309634409,55.6088915073012,0.0517552782831898
"MAIN_8_CYCLES","2005_2006","smoking_f","Never","UNWEIGHTED",1128,248,1128,246,,,0.519503546099291,0.532520325203252,0.249619611689553,0.248942428448675,0.0260710743591854
"MAIN_8_CYCLES","2005_2006","smoking_f","Never","SURVEY_WEIGHTED",1128,248,1128,246,21154970.6616497,4065931.44855209,0.495390759573059,0.522316095555029,0.249978754902687,0.249501991879179,0.0538786558966627
"MAIN_8_CYCLES","2005_2006","smoking_f","Ever","UNWEIGHTED",1128,248,1128,246,,,0.480496453900709,0.467479674796748,0.249619611689553,0.248942428448675,0.0260710743591854
"MAIN_8_CYCLES","2005_2006","smoking_f","Ever","SURVEY_WEIGHTED",1128,248,1128,246,21154970.6616497,4065931.44855209,0.504609240426941,0.477683904444971,0.249978754902687,0.249501991879179,0.0538786558966626
"MAIN_8_CYCLES","2005_2006","hypertension_f","No","UNWEIGHTED",1128,248,1128,246,,,0.654255319148936,0.646341463414634,0.22620529651426,0.228584176085663,0.0165957897926812
"MAIN_8_CYCLES","2005_2006","hypertension_f","No","SURVEY_WEIGHTED",1128,248,1128,246,21154970.6616497,4022299.68398947,0.688162440035812,0.698172934685329,0.214594896159769,0.210727487958204,0.0217075802819256
"MAIN_8_CYCLES","2005_2006","hypertension_f","Yes","UNWEIGHTED",1128,248,1128,246,,,0.345744680851064,0.353658536585366,0.22620529651426,0.228584176085663,0.0165957897926811
"MAIN_8_CYCLES","2005_2006","hypertension_f","Yes","SURVEY_WEIGHTED",1128,248,1128,246,21154970.6616497,4022299.68398947,0.311837559964188,0.301827065314671,0.214594896159769,0.210727487958204,0.0217075802819255
"MAIN_8_CYCLES","2005_2006","diabetes_f","No","UNWEIGHTED",1128,248,1128,218,,,0.906028368794326,0.848623853211009,0.0851409637342186,0.128461408972309,0.17565398947642
"MAIN_8_CYCLES","2005_2006","diabetes_f","No","SURVEY_WEIGHTED",1128,248,1128,218,21154970.6616497,3490230.90043738,0.933265782935852,0.858161850425017,0.0622807613369832,0.121720088900128,0.2476097607808
"MAIN_8_CYCLES","2005_2006","diabetes_f","Yes","UNWEIGHTED",1128,248,1128,218,,,0.0939716312056738,0.151376146788991,0.0851409637342186,0.128461408972309,0.17565398947642
"MAIN_8_CYCLES","2005_2006","diabetes_f","Yes","SURVEY_WEIGHTED",1128,248,1128,218,21154970.6616497,3490230.90043738,0.066734217064148,0.141838149574983,0.0622807613369832,0.121720088900128,0.2476097607808
"MAIN_8_CYCLES","2005_2006","hyperlipidemia_f","No","UNWEIGHTED",1128,248,1128,195,,,0.700354609929078,0.641025641025641,0.209858030280167,0.230111768573307,0.126494127996311
"MAIN_8_CYCLES","2005_2006","hyperlipidemia_f","No","SURVEY_WEIGHTED",1128,248,1128,195,21154970.6616497,3122935.41268975,0.693590028453102,0.615536163458103,0.212522900883527,0.236651394933382,0.164703171864572
"MAIN_8_CYCLES","2005_2006","hyperlipidemia_f","Yes","UNWEIGHTED",1128,248,1128,195,,,0.299645390070922,0.358974358974359,0.209858030280167,0.230111768573307,0.126494127996311
"MAIN_8_CYCLES","2005_2006","hyperlipidemia_f","Yes","SURVEY_WEIGHTED",1128,248,1128,195,21154970.6616497,3122935.41268975,0.306409971546898,0.384463836541897,0.212522900883527,0.236651394933382,0.164703171864573
"MAIN_8_CYCLES","2007_2008","stroke","1","UNWEIGHTED",1420,367,1420,367,,,0.0359154929577465,0.0408719346049046,0.0346255703233485,0.039201419566557,0.0257974877328924
"MAIN_8_CYCLES","2007_2008","stroke","1","SURVEY_WEIGHTED",1420,367,1420,367,20900436.1665939,5044857.33578406,0.0298637172180398,0.0320229008998002,0.0289718756119607,0.0309974347177618,0.0124692421812588
"MAIN_8_CYCLES","2007_2008","RIDAGEYR","CONTINUOUS","UNWEIGHTED",1420,367,1420,367,,,50.6478873239437,50.6920980926431,301.970361988705,335.87488274445,0.00247562809607854
"MAIN_8_CYCLES","2007_2008","RIDAGEYR","CONTINUOUS","SURVEY_WEIGHTED",1420,367,1420,367,20900436.1665939,5044857.33578406,46.7658458341983,47.2397746577186,266.275249087933,292.613894245996,0.0283507977423139
"MAIN_8_CYCLES","2007_2008","sex","Female","UNWEIGHTED",1420,367,1420,367,,,0.507042253521127,0.50408719346049,0.249950406665344,0.249983294849617,0.00591051199225412
"MAIN_8_CYCLES","2007_2008","sex","Female","SURVEY_WEIGHTED",1420,367,1420,367,20900436.1665939,5044857.33578406,0.520036493313408,0.475505133552907,0.249598538935702,0.249400001517739,0.089152046440073
"MAIN_8_CYCLES","2007_2008","sex","Male","UNWEIGHTED",1420,367,1420,367,,,0.492957746478873,0.49591280653951,0.249950406665344,0.249983294849617,0.00591051199225412
"MAIN_8_CYCLES","2007_2008","sex","Male","SURVEY_WEIGHTED",1420,367,1420,367,20900436.1665939,5044857.33578406,0.479963506686592,0.524494866447093,0.249598538935702,0.249400001517739,0.089152046440073
"MAIN_8_CYCLES","2007_2008","race_eth_f","Non-Hispanic White","UNWEIGHTED",1420,367,1420,367,,,0.485915492957746,0.427792915531335,0.249801626661377,0.244786136952535,0.116879455255544
"MAIN_8_CYCLES","2007_2008","race_eth_f","Non-Hispanic White","SURVEY_WEIGHTED",1420,367,1420,367,20900436.1665939,5044857.33578406,0.714091846851783,0.673115185950748,0.204164681111593,0.220031132393238,0.0889750774275732
"MAIN_8_CYCLES","2007_2008","race_eth_f","Mexican American","UNWEIGHTED",1420,367,1420,367,,,0.178169014084507,0.185286103542234,0.146424816504662,0.150955163376371,0.0184570189730718
"MAIN_8_CYCLES","2007_2008","race_eth_f","Mexican American","SURVEY_WEIGHTED",1420,367,1420,367,20900436.1665939,5044857.33578406,0.0838423287460934,0.0837066929557453,0.0768127926565254,0.0766998825101579,0.000489572686406924
"MAIN_8_CYCLES","2007_2008","race_eth_f","Other Hispanic","UNWEIGHTED",1420,367,1420,367,,,0.0971830985915493,0.130790190735695,0.0877385439396945,0.113684116743015,0.105898978355766
"MAIN_8_CYCLES","2007_2008","race_eth_f","Other Hispanic","SURVEY_WEIGHTED",1420,367,1420,367,20900436.1665939,5044857.33578406,0.0412150351566326,0.0615849860997192,0.0395163560336701,0.0577922755868166,0.0923483835875468
"MAIN_8_CYCLES","2007_2008","race_eth_f","Non-Hispanic Black","UNWEIGHTED",1420,367,1420,367,,,0.207042253521127,0.204359673024523,0.16417575877802,0.162596797065833,0.00663658976793822
"MAIN_8_CYCLES","2007_2008","race_eth_f","Non-Hispanic Black","SURVEY_WEIGHTED",1420,367,1420,367,20900436.1665939,5044857.33578406,0.111857590933321,0.117864140228698,0.0993454702839145,0.103972184676848,0.0188387679869113
"MAIN_8_CYCLES","2007_2008","race_eth_f","Other/Multiracial","UNWEIGHTED",1420,367,1420,367,,,0.0316901408450704,0.0517711171662125,0.03068587581829,0.0490908685935748,0.100545275214023
"MAIN_8_CYCLES","2007_2008","race_eth_f","Other/Multiracial","SURVEY_WEIGHTED",1420,367,1420,367,20900436.1665939,5044857.33578406,0.0489931983121703,0.06372899476509,0.0465928648313147,0.0596676099913212,0.0639297101894575
"MAIN_8_CYCLES","2007_2008","edu_f","College or above","UNWEIGHTED",1420,367,1420,367,,,0.464788732394366,0.37874659400545,0.248760166633604,0.235297611534721,0.174895079656222
"MAIN_8_CYCLES","2007_2008","edu_f","College or above","SURVEY_WEIGHTED",1420,367,1420,367,20900436.1665939,5044857.33578406,0.553776918974471,0.491180967379375,0.247108042985613,0.249922224663636,0.125565354034579
"MAIN_8_CYCLES","2007_2008","edu_f","High school graduate","UNWEIGHTED",1420,367,1420,367,,,0.256338028169014,0.267029972752044,0.190628843483436,0.195724966404086,0.0243264702267224
"MAIN_8_CYCLES","2007_2008","edu_f","High school graduate","SURVEY_WEIGHTED",1420,367,1420,367,20900436.1665939,5044857.33578406,0.257651900052252,0.289377515753496,0.191267398451717,0.205638169129831,0.0712166370069531
"MAIN_8_CYCLES","2007_2008","edu_f","Less than high school","UNWEIGHTED",1420,367,1420,367,,,0.27887323943662,0.354223433242507,0.201102955762745,0.228749192584398,0.16253235224006
"MAIN_8_CYCLES","2007_2008","edu_f","Less than high school","SURVEY_WEIGHTED",1420,367,1420,367,20900436.1665939,5044857.33578406,0.188571180973277,0.219441516867129,0.15301209067962,0.171286937542183,0.0766625973464918
"MAIN_8_CYCLES","2007_2008","marital_f","Married/partnered","UNWEIGHTED",1420,367,1420,367,,,0.626056338028169,0.566757493188011,0.234109799642928,0.245543437103253,0.121087006110661
"MAIN_8_CYCLES","2007_2008","marital_f","Married/partnered","SURVEY_WEIGHTED",1420,367,1420,367,20900436.1665939,5044857.33578406,0.661231115831446,0.61337565616245,0.224004527287747,0.237145960589734,0.0996609800765748
"MAIN_8_CYCLES","2007_2008","marital_f","Never married","UNWEIGHTED",1420,367,1420,367,,,0.150704225352113,0.182561307901907,0.127992461813132,0.149232676759052,0.0855666824590603
"MAIN_8_CYCLES","2007_2008","marital_f","Never married","SURVEY_WEIGHTED",1420,367,1420,367,20900436.1665939,5044857.33578406,0.161592258783745,0.199306141046023,0.135480200684912,0.159583203187366,0.0981880340810251
"MAIN_8_CYCLES","2007_2008","marital_f","Separated/divorced/widowed","UNWEIGHTED",1420,367,1420,367,,,0.223239436619718,0.250681198910082,0.173403590557429,0.187840135423086,0.0645694131558935
"MAIN_8_CYCLES","2007_2008","marital_f","Separated/divorced/widowed","SURVEY_WEIGHTED",1420,367,1420,367,20900436.1665939,5044857.33578406,0.177176625384809,0.187318202791527,0.14578506880206,0.152230093694479,0.0262724955556023
"MAIN_8_CYCLES","2007_2008","pir","CONTINUOUS","UNWEIGHTED",1420,367,1420,215,,,2.6085,2.29627906976744,2.64637442212826,2.2562898282982,0.199416428988672
"MAIN_8_CYCLES","2007_2008","pir","CONTINUOUS","SURVEY_WEIGHTED",1420,367,1420,215,20900436.1665939,3199204.39145392,3.12662548374945,2.87251378055934,2.68956801629231,2.53158441393624,0.157273835651391
"MAIN_8_CYCLES","2007_2008","bmi","CONTINUOUS","UNWEIGHTED",1420,367,1420,349,,,29.416485915493,28.7651289398281,48.4647788334872,41.549819882752,0.0970906908916225
"MAIN_8_CYCLES","2007_2008","bmi","CONTINUOUS","SURVEY_WEIGHTED",1420,367,1420,349,20900436.1665939,4790823.15386615,28.9807200064079,27.9809641740037,47.7828191136293,41.556296408219,0.149585025556535
"MAIN_8_CYCLES","2007_2008","smoking_f","Never","UNWEIGHTED",1420,367,1420,366,,,0.52112676056338,0.546448087431694,0.249553659988098,0.247842575173938,0.0507750325476229
"MAIN_8_CYCLES","2007_2008","smoking_f","Never","SURVEY_WEIGHTED",1420,367,1420,366,20900436.1665939,5036649.51408848,0.518827195479787,0.526543301459194,0.249645536710366,0.249295453147646,0.0154485808345946
"MAIN_8_CYCLES","2007_2008","smoking_f","Ever","UNWEIGHTED",1420,367,1420,366,,,0.47887323943662,0.453551912568306,0.249553659988098,0.247842575173938,0.0507750325476227
"MAIN_8_CYCLES","2007_2008","smoking_f","Ever","SURVEY_WEIGHTED",1420,367,1420,366,20900436.1665939,5036649.51408848,0.481172804520213,0.473456698540806,0.249645536710366,0.249295453147646,0.0154485808345944
"MAIN_8_CYCLES","2007_2008","hypertension_f","No","UNWEIGHTED",1420,367,1420,366,,,0.645774647887324,0.636612021857924,0.228749752033327,0.23133715548389,0.0191035914477793
"MAIN_8_CYCLES","2007_2008","hypertension_f","No","SURVEY_WEIGHTED",1420,367,1420,366,20900436.1665939,5035308.80524329,0.691387204441959,0.669374089451908,0.213370937975892,0.221312417822337,0.0472182616562012
"MAIN_8_CYCLES","2007_2008","hypertension_f","Yes","UNWEIGHTED",1420,367,1420,366,,,0.354225352112676,0.363387978142077,0.228749752033327,0.23133715548389,0.0191035914477793
"MAIN_8_CYCLES","2007_2008","hypertension_f","Yes","SURVEY_WEIGHTED",1420,367,1420,366,20900436.1665939,5035308.80524329,0.308612795558041,0.330625910548092,0.213370937975892,0.221312417822337,0.0472182616562013
"MAIN_8_CYCLES","2007_2008","diabetes_f","No","UNWEIGHTED",1420,367,1420,332,,,0.876760563380282,0.858433734939759,0.108051477881373,0.121525257657135,0.0540926644593085
"MAIN_8_CYCLES","2007_2008","diabetes_f","No","SURVEY_WEIGHTED",1420,367,1420,332,20900436.1665939,4546918.62760428,0.912258638200611,0.892325405815846,0.0800428152289774,0.0960807759514316,0.0671713321859394
"MAIN_8_CYCLES","2007_2008","diabetes_f","Yes","UNWEIGHTED",1420,367,1420,332,,,0.123239436619718,0.141566265060241,0.108051477881373,0.121525257657135,0.0540926644593084
"MAIN_8_CYCLES","2007_2008","diabetes_f","Yes","SURVEY_WEIGHTED",1420,367,1420,332,20900436.1665939,4546918.62760428,0.0877413617993887,0.107674594184154,0.0800428152289774,0.0960807759514315,0.067171332185939
"MAIN_8_CYCLES","2007_2008","hyperlipidemia_f","No","UNWEIGHTED",1420,367,1420,291,,,0.656338028169014,0.656357388316151,0.225558420948225,0.225552367118952,4.07644929663189e-05
"MAIN_8_CYCLES","2007_2008","hyperlipidemia_f","No","SURVEY_WEIGHTED",1420,367,1420,291,20900436.1665939,4074581.77545688,0.665158192248928,0.692697120659203,0.222722771533066,0.212867819689653,0.0590096161601203
"MAIN_8_CYCLES","2007_2008","hyperlipidemia_f","Yes","UNWEIGHTED",1420,367,1420,291,,,0.343661971830986,0.343642611683849,0.225558420948225,0.225552367118952,4.07644929663189e-05
"MAIN_8_CYCLES","2007_2008","hyperlipidemia_f","Yes","SURVEY_WEIGHTED",1420,367,1420,291,20900436.1665939,4074581.77545688,0.334841807751072,0.307302879340797,0.222722771533066,0.212867819689653,0.0590096161601204
"MAIN_8_CYCLES","2009_2010","stroke","1","UNWEIGHTED",1431,453,1431,453,,,0.039832285115304,0.0463576158940397,0.0382456741777971,0.0442085873426604,0.0321374176081644
"MAIN_8_CYCLES","2009_2010","stroke","1","SURVEY_WEIGHTED",1431,453,1431,453,21068867.4908225,5668188.67496102,0.0252603631392766,0.0315939458002201,0.0246222771933485,0.0305957683889928,0.0381174575545407
"MAIN_8_CYCLES","2009_2010","RIDAGEYR","CONTINUOUS","UNWEIGHTED",1431,453,1431,453,,,48.8280922431866,49.7174392935982,307.335462022254,352.428832366329,0.0489656881881624
"MAIN_8_CYCLES","2009_2010","RIDAGEYR","CONTINUOUS","SURVEY_WEIGHTED",1431,453,1431,453,21068867.4908225,5668188.67496102,47.2440300957388,46.9803125796355,272.127276480222,325.314137981495,0.0152583057150877
"MAIN_8_CYCLES","2009_2010","sex","Female","UNWEIGHTED",1431,453,1431,453,,,0.483577917540182,0.516556291390728,0.249730315207683,0.249725889215385,0.0659926439717672
"MAIN_8_CYCLES","2009_2010","sex","Female","SURVEY_WEIGHTED",1431,453,1431,453,21068867.4908225,5668188.67496102,0.500698235130136,0.548624908884207,0.249999512467703,0.247635618236003,0.0960808354342461
"MAIN_8_CYCLES","2009_2010","sex","Male","UNWEIGHTED",1431,453,1431,453,,,0.516422082459818,0.483443708609272,0.249730315207683,0.249725889215385,0.0659926439717673
"MAIN_8_CYCLES","2009_2010","sex","Male","SURVEY_WEIGHTED",1431,453,1431,453,21068867.4908225,5668188.67496102,0.499301764869864,0.451375091115793,0.249999512467703,0.247635618236003,0.0960808354342459
"MAIN_8_CYCLES","2009_2010","race_eth_f","Non-Hispanic White","UNWEIGHTED",1431,453,1431,453,,,0.516422082459818,0.419426048565121,0.249730315207683,0.24350783835017,0.19531726882282
"MAIN_8_CYCLES","2009_2010","race_eth_f","Non-Hispanic White","SURVEY_WEIGHTED",1431,453,1431,453,21068867.4908225,5668188.67496102,0.706200700884314,0.606111833989191,0.207481270954818,0.23874027868745,0.211897337795061
"MAIN_8_CYCLES","2009_2010","race_eth_f","Mexican American","UNWEIGHTED",1431,453,1431,453,,,0.163522012578616,0.216335540838852,0.136782563980855,0.169534474608813,0.13495053245178
"MAIN_8_CYCLES","2009_2010","race_eth_f","Mexican American","SURVEY_WEIGHTED",1431,453,1431,453,21068867.4908225,5668188.67496102,0.0744707407423722,0.11686773272353,0.0689248495156546,0.103209665771592,0.144516043238306
"MAIN_8_CYCLES","2009_2010","race_eth_f","Other Hispanic","UNWEIGHTED",1431,453,1431,453,,,0.090146750524109,0.125827814569536,0.0820203138940531,0.109995175650191,0.115155494044744
"MAIN_8_CYCLES","2009_2010","race_eth_f","Other Hispanic","SURVEY_WEIGHTED",1431,453,1431,453,21068867.4908225,5668188.67496102,0.0461300583202354,0.0728412162731587,0.0440020760396071,0.0675353734850056,0.113109050994579
"MAIN_8_CYCLES","2009_2010","race_eth_f","Non-Hispanic Black","UNWEIGHTED",1431,453,1431,453,,,0.175401816911251,0.185430463576159,0.144636019535483,0.15104600675409,0.0260822387029767
"MAIN_8_CYCLES","2009_2010","race_eth_f","Non-Hispanic Black","SURVEY_WEIGHTED",1431,453,1431,453,21068867.4908225,5668188.67496102,0.106912390829148,0.1342864356939,0.0954821315163436,0.116253588882528,0.0841311658301534
"MAIN_8_CYCLES","2009_2010","race_eth_f","Other/Multiracial","UNWEIGHTED",1431,453,1431,453,,,0.0545073375262055,0.0529801324503311,0.0515362876820098,0.0501732380158765,0.00677222754910184
"MAIN_8_CYCLES","2009_2010","race_eth_f","Other/Multiracial","SURVEY_WEIGHTED",1431,453,1431,453,21068867.4908225,5668188.67496102,0.0662861092239299,0.0698927813202199,0.0618922609478831,0.0650077804395438,0.0143182775221238
"MAIN_8_CYCLES","2009_2010","edu_f","College or above","UNWEIGHTED",1431,453,1431,449,,,0.50104821802935,0.400890868596882,0.249998901238963,0.240177380072519,0.20231201438165
"MAIN_8_CYCLES","2009_2010","edu_f","College or above","SURVEY_WEIGHTED",1431,453,1431,449,21068867.4908225,5586406.82810276,0.598103317225677,0.499850633992638,0.240375739149318,0.249999977689796,0.198424337709463
"MAIN_8_CYCLES","2009_2010","edu_f","High school graduate","UNWEIGHTED",1431,453,1431,449,,,0.241788958770091,0.233853006681514,0.183327058186966,0.17916577794753,0.0186407903042195
"MAIN_8_CYCLES","2009_2010","edu_f","High school graduate","SURVEY_WEIGHTED",1431,453,1431,449,21068867.4908225,5586406.82810276,0.228358043156445,0.25023598625296,0.176210647282204,0.187617937436968,0.051294768925337
"MAIN_8_CYCLES","2009_2010","edu_f","Less than high school","UNWEIGHTED",1431,453,1431,449,,,0.257162823200559,0.365256124721604,0.191030105564077,0.23184408807496,0.235075943741729
"MAIN_8_CYCLES","2009_2010","edu_f","Less than high school","SURVEY_WEIGHTED",1431,453,1431,449,21068867.4908225,5586406.82810276,0.173538639617877,0.249913379754402,0.143422980177454,0.187456682374134,0.187771513276536
"MAIN_8_CYCLES","2009_2010","marital_f","Married/partnered","UNWEIGHTED",1431,453,1431,451,,,0.603074772886094,0.523281596452328,0.23937559119448,0.249457967266631,0.16139877921391
"MAIN_8_CYCLES","2009_2010","marital_f","Married/partnered","SURVEY_WEIGHTED",1431,453,1431,451,21068867.4908225,5607429.02039599,0.654161936742973,0.569135018569227,0.226234097259655,0.245220349207433,0.175126378974369
"MAIN_8_CYCLES","2009_2010","marital_f","Never married","UNWEIGHTED",1431,453,1431,451,,,0.173305380852551,0.212860310421286,0.143270625820103,0.16755079866864,0.100336775511167
"MAIN_8_CYCLES","2009_2010","marital_f","Never married","SURVEY_WEIGHTED",1431,453,1431,451,21068867.4908225,5607429.02039599,0.167130614156014,0.223816766195203,0.139197971967848,0.173722821365125,0.143309428402939
"MAIN_8_CYCLES","2009_2010","marital_f","Separated/divorced/widowed","UNWEIGHTED",1431,453,1431,451,,,0.223619846261356,0.263858093126386,0.173614010619403,0.194236999818093,0.0938248917256232
"MAIN_8_CYCLES","2009_2010","marital_f","Separated/divorced/widowed","SURVEY_WEIGHTED",1431,453,1431,451,21068867.4908225,5607429.02039599,0.178707449101012,0.20704821523557,0.146771096736821,0.164179251803335,0.0718755300092341
"MAIN_8_CYCLES","2009_2010","pir","CONTINUOUS","UNWEIGHTED",1431,453,1431,274,,,2.45802935010482,2.12967153284672,2.75913681312398,2.51334384775808,0.202234320503729
"MAIN_8_CYCLES","2009_2010","pir","CONTINUOUS","SURVEY_WEIGHTED",1431,453,1431,274,21068867.4908225,3685077.36048504,3.02774191840723,2.59019470700882,2.81410857822225,2.66243087668804,0.26441543783248
"MAIN_8_CYCLES","2009_2010","bmi","CONTINUOUS","UNWEIGHTED",1431,453,1431,437,,,29.1304122990915,28.729061784897,43.5278870326878,42.5330915489262,0.0611836922119636
"MAIN_8_CYCLES","2009_2010","bmi","CONTINUOUS","SURVEY_WEIGHTED",1431,453,1431,437,21068867.4908225,5468186.78657586,28.8263218257045,28.0200274056311,42.1961109543919,43.5580122654419,0.123134895646261
"MAIN_8_CYCLES","2009_2010","smoking_f","Never","UNWEIGHTED",1431,453,1431,453,,,0.526205450733753,0.498896247240618,0.249313274351841,0.249998781729846,0.0546560202053144
"MAIN_8_CYCLES","2009_2010","smoking_f","Never","SURVEY_WEIGHTED",1431,453,1431,453,21068867.4908225,5668188.67496102,0.567749825375255,0.496152372695485,0.245409961161623,0.249985195764126,0.1438588852487
"MAIN_8_CYCLES","2009_2010","smoking_f","Ever","UNWEIGHTED",1431,453,1431,453,,,0.473794549266247,0.501103752759382,0.249313274351841,0.249998781729846,0.0546560202053145
"MAIN_8_CYCLES","2009_2010","smoking_f","Ever","SURVEY_WEIGHTED",1431,453,1431,453,21068867.4908225,5668188.67496102,0.432250174624745,0.503847627304515,0.245409961161623,0.249985195764126,0.1438588852487
"MAIN_8_CYCLES","2009_2010","hypertension_f","No","UNWEIGHTED",1431,453,1431,451,,,0.648497554157932,0.665188470066519,0.227948476409112,0.222712769357083,0.0351617158917083
"MAIN_8_CYCLES","2009_2010","hypertension_f","No","SURVEY_WEIGHTED",1431,453,1431,451,21068867.4908225,5655985.15608936,0.692044063880281,0.727592439355419,0.213119077528346,0.19820168154825,0.0783870719500046
"MAIN_8_CYCLES","2009_2010","hypertension_f","Yes","UNWEIGHTED",1431,453,1431,451,,,0.351502445842068,0.334811529933481,0.227948476409112,0.222712769357083,0.0351617158917083
"MAIN_8_CYCLES","2009_2010","hypertension_f","Yes","SURVEY_WEIGHTED",1431,453,1431,451,21068867.4908225,5655985.15608936,0.307955936119719,0.272407560644581,0.213119077528346,0.19820168154825,0.0783870719500043
"MAIN_8_CYCLES","2009_2010","diabetes_f","No","UNWEIGHTED",1431,453,1431,416,,,0.876310272536688,0.894230769230769,0.108390578783364,0.0945821005917159,0.0562530724780454
"MAIN_8_CYCLES","2009_2010","diabetes_f","No","SURVEY_WEIGHTED",1431,453,1431,416,21068867.4908225,5186152.89342988,0.911152749851773,0.919542204848421,0.0809534162893256,0.0739843383509259,0.0301418648077367
"MAIN_8_CYCLES","2009_2010","diabetes_f","Yes","UNWEIGHTED",1431,453,1431,416,,,0.123689727463312,0.105769230769231,0.108390578783364,0.094582100591716,0.0562530724780452
"MAIN_8_CYCLES","2009_2010","diabetes_f","Yes","SURVEY_WEIGHTED",1431,453,1431,416,21068867.4908225,5186152.89342988,0.0888472501482271,0.0804577951515793,0.0809534162893255,0.0739843383509258,0.0301418648077366
"MAIN_8_CYCLES","2009_2010","hyperlipidemia_f","No","UNWEIGHTED",1431,453,1431,389,,,0.687631027253669,0.681233933161954,0.214794597611733,0.217154261470649,0.0137651697306563
"MAIN_8_CYCLES","2009_2010","hyperlipidemia_f","No","SURVEY_WEIGHTED",1431,453,1431,389,21068867.4908225,4764131.67087769,0.690630364966633,0.676256883233187,0.213660063952688,0.218933511112923,0.0309055834446482
"MAIN_8_CYCLES","2009_2010","hyperlipidemia_f","Yes","UNWEIGHTED",1431,453,1431,389,,,0.312368972746331,0.318766066838046,0.214794597611733,0.217154261470648,0.0137651697306562
"MAIN_8_CYCLES","2009_2010","hyperlipidemia_f","Yes","SURVEY_WEIGHTED",1431,453,1431,389,21068867.4908225,4764131.67087769,0.309369635033367,0.323743116766813,0.213660063952688,0.218933511112923,0.0309055834446482
"MAIN_8_CYCLES","2011_2012","stroke","1","UNWEIGHTED",1317,368,1317,368,,,0.0303720577069096,0.0407608695652174,0.0294495958175578,0.0390994210775047,0.0561151675196311
"MAIN_8_CYCLES","2011_2012","stroke","1","SURVEY_WEIGHTED",1317,368,1317,368,22403282.0787392,4732667.2392705,0.0155593089039345,0.0305135729843248,0.0153172168103665,0.0295824948480551,0.0998063716307492
"MAIN_8_CYCLES","2011_2012","RIDAGEYR","CONTINUOUS","UNWEIGHTED",1317,368,1317,368,,,48.1389521640091,49.320652173913,318.388732335856,301.313795758796,0.0671321572305269
"MAIN_8_CYCLES","2011_2012","RIDAGEYR","CONTINUOUS","SURVEY_WEIGHTED",1317,368,1317,368,22403282.0787392,4732667.2392705,46.9425485775561,47.8145653869852,284.994134037334,271.761294011952,0.0522645992375968
"MAIN_8_CYCLES","2011_2012","sex","Female","UNWEIGHTED",1317,368,1317,368,,,0.476841305998481,0.527173913043478,0.249463674892144,0.249261578449905,0.100793782625991
"MAIN_8_CYCLES","2011_2012","sex","Female","SURVEY_WEIGHTED",1317,368,1317,368,22403282.0787392,4732667.2392705,0.501079497432182,0.567753350246605,0.249998834685294,0.245409483530361,0.133964245557222
"MAIN_8_CYCLES","2011_2012","sex","Male","UNWEIGHTED",1317,368,1317,368,,,0.523158694001519,0.472826086956522,0.249463674892144,0.249261578449905,0.100793782625991
"MAIN_8_CYCLES","2011_2012","sex","Male","SURVEY_WEIGHTED",1317,368,1317,368,22403282.0787392,4732667.2392705,0.498920502567818,0.432246649753396,0.249998834685294,0.245409483530361,0.133964245557222
"MAIN_8_CYCLES","2011_2012","race_eth_f","Non-Hispanic White","UNWEIGHTED",1317,368,1317,368,,,0.391040242976462,0.263586956521739,0.238127771349371,0.194108872873346,0.274160728173803
"MAIN_8_CYCLES","2011_2012","race_eth_f","Non-Hispanic White","SURVEY_WEIGHTED",1317,368,1317,368,22403282.0787392,4732667.2392705,0.695643794797988,0.53189086883421,0.211723505557043,0.248982972484999,0.34118655371544
"MAIN_8_CYCLES","2011_2012","race_eth_f","Mexican American","UNWEIGHTED",1317,368,1317,368,,,0.082004555808656,0.116847826086957,0.0752798086352811,0.103194411625709,0.116639637421869
"MAIN_8_CYCLES","2011_2012","race_eth_f","Mexican American","SURVEY_WEIGHTED",1317,368,1317,368,22403282.0787392,4732667.2392705,0.0646362853284414,0.106136515511561,0.0604584359473817,0.0948715555866255,0.148914793672193
"MAIN_8_CYCLES","2011_2012","race_eth_f","Other Hispanic","UNWEIGHTED",1317,368,1317,368,,,0.104024297646166,0.103260869565217,0.0932032431453875,0.0925980623818525,0.0025047174857631
"MAIN_8_CYCLES","2011_2012","race_eth_f","Other Hispanic","SURVEY_WEIGHTED",1317,368,1317,368,22403282.0787392,4732667.2392705,0.0677675437226323,0.0943325993872958,0.0631751037404334,0.0854339600801317,0.0974547650845776
"MAIN_8_CYCLES","2011_2012","race_eth_f","Non-Hispanic Black","UNWEIGHTED",1317,368,1317,368,,,0.254365983295368,0.28804347826087,0.189663929837549,0.20507443289225,0.0758053941140188
"MAIN_8_CYCLES","2011_2012","race_eth_f","Non-Hispanic Black","SURVEY_WEIGHTED",1317,368,1317,368,22403282.0787392,4732667.2392705,0.105037511653438,0.162791765717675,0.0940046327990922,0.136290606732196,0.17019880108619
"MAIN_8_CYCLES","2011_2012","race_eth_f","Other/Multiracial","UNWEIGHTED",1317,368,1317,368,,,0.168564920273349,0.228260869565217,0.140150787926588,0.176157844990548,0.150108172638814
"MAIN_8_CYCLES","2011_2012","race_eth_f","Other/Multiracial","SURVEY_WEIGHTED",1317,368,1317,368,22403282.0787392,4732667.2392705,0.0669148644974997,0.104848250549258,0.0624372654067809,0.0938550949060179,0.135696214942918
"MAIN_8_CYCLES","2011_2012","edu_f","College or above","UNWEIGHTED",1317,368,1317,366,,,0.583902809415338,0.491803278688525,0.242960318572213,0.249932813759742,0.185522262356247
"MAIN_8_CYCLES","2011_2012","edu_f","College or above","SURVEY_WEIGHTED",1317,368,1317,366,22403282.0787392,4724162.41991873,0.652807897398731,0.561673951559309,0.226649746492579,0.24619632369906,0.187428349259452
"MAIN_8_CYCLES","2011_2012","edu_f","High school graduate","UNWEIGHTED",1317,368,1317,366,,,0.201974183750949,0.180327868852459,0.161180612849087,0.147809728567589,0.0550714508100356
"MAIN_8_CYCLES","2011_2012","edu_f","High school graduate","SURVEY_WEIGHTED",1317,368,1317,366,22403282.0787392,4724162.41991873,0.200991648533853,0.172739063987686,0.160594005753497,0.142900279760344,0.0725267007805041
"MAIN_8_CYCLES","2011_2012","edu_f","Less than high school","UNWEIGHTED",1317,368,1317,366,,,0.214123006833713,0.327868852459016,0.168274344778203,0.220370868046224,0.258032185175363
"MAIN_8_CYCLES","2011_2012","edu_f","Less than high school","SURVEY_WEIGHTED",1317,368,1317,366,22403282.0787392,4724162.41991873,0.146200454067417,0.265586984453004,0.124825881297898,0.195050538142164,0.298523974905316
"MAIN_8_CYCLES","2011_2012","marital_f","Married/partnered","UNWEIGHTED",1317,368,1317,366,,,0.55960516324981,0.60655737704918,0.246447224513963,0.238645525396399,0.0953363849685103
"MAIN_8_CYCLES","2011_2012","marital_f","Married/partnered","SURVEY_WEIGHTED",1317,368,1317,366,22403282.0787392,4723072.92699454,0.60379398954194,0.68095979201753,0.239226807734968,0.217253553672972,0.161520937132894
"MAIN_8_CYCLES","2011_2012","marital_f","Never married","UNWEIGHTED",1317,368,1317,366,,,0.233864844343204,0.188524590163934,0.179172078923533,0.152983069067455,0.111257284150516
"MAIN_8_CYCLES","2011_2012","marital_f","Never married","SURVEY_WEIGHTED",1317,368,1317,366,22403282.0787392,4723072.92699454,0.220220593755541,0.160805341062778,0.171723483841498,0.134946983348461,0.151731925439411
"MAIN_8_CYCLES","2011_2012","marital_f","Separated/divorced/widowed","UNWEIGHTED",1317,368,1317,366,,,0.206529992406986,0.204918032786885,0.163875354643356,0.162926632625638,0.00398773979107336
"MAIN_8_CYCLES","2011_2012","marital_f","Separated/divorced/widowed","SURVEY_WEIGHTED",1317,368,1317,366,22403282.0787392,4723072.92699454,0.175985416702518,0.158234866919692,0.145014549810559,0.1331965938106,0.0475926125885852
"MAIN_8_CYCLES","2011_2012","pir","CONTINUOUS","UNWEIGHTED",1317,368,1317,211,,,2.48863325740319,2.14843601895735,2.7810295895618,2.69208658993455,0.205649874192436
"MAIN_8_CYCLES","2011_2012","pir","CONTINUOUS","SURVEY_WEIGHTED",1317,368,1317,211,22403282.0787392,2797142.28173413,2.90178429291468,2.65550094727555,2.72300446773942,3.30442160057027,0.141867885722868
"MAIN_8_CYCLES","2011_2012","bmi","CONTINUOUS","UNWEIGHTED",1317,368,1317,340,,,28.7667425968109,28.2441176470588,48.6600937125686,41.6558650008676,0.0777719321209936
"MAIN_8_CYCLES","2011_2012","bmi","CONTINUOUS","SURVEY_WEIGHTED",1317,368,1317,340,22403282.0787392,4417766.1414582,28.7142459677509,27.8369399137425,45.4420694757105,39.5591444152892,0.13457164467551
"MAIN_8_CYCLES","2011_2012","smoking_f","Never","UNWEIGHTED",1317,368,1317,367,,,0.567198177676538,0.594005449591281,0.245484404916952,0.241162975447141,0.0543451037794256
"MAIN_8_CYCLES","2011_2012","smoking_f","Never","SURVEY_WEIGHTED",1317,368,1317,367,22403282.0787392,4726275.89136322,0.558501600289581,0.584674111688021,0.246577562763558,0.242830294809845,0.0529084363408896
"MAIN_8_CYCLES","2011_2012","smoking_f","Ever","UNWEIGHTED",1317,368,1317,367,,,0.432801822323462,0.405994550408719,0.245484404916952,0.241162975447141,0.0543451037794256
"MAIN_8_CYCLES","2011_2012","smoking_f","Ever","SURVEY_WEIGHTED",1317,368,1317,367,22403282.0787392,4726275.89136322,0.441498399710419,0.41532588831198,0.246577562763558,0.242830294809845,0.0529084363408894
"MAIN_8_CYCLES","2011_2012","hypertension_f","No","UNWEIGHTED",1317,368,1317,367,,,0.640091116173121,0.634877384196185,0.230374479169369,0.231808091232395,0.0108456832744886
"MAIN_8_CYCLES","2011_2012","hypertension_f","No","SURVEY_WEIGHTED",1317,368,1317,367,22403282.0787392,4727697.36030167,0.676887725850892,0.673869077112995,0.2187107324433,0.219769544023875,0.00644692393417427
"MAIN_8_CYCLES","2011_2012","hypertension_f","Yes","UNWEIGHTED",1317,368,1317,367,,,0.359908883826879,0.365122615803815,0.230374479169369,0.231808091232395,0.0108456832744887
"MAIN_8_CYCLES","2011_2012","hypertension_f","Yes","SURVEY_WEIGHTED",1317,368,1317,367,22403282.0787392,4727697.36030167,0.323112274149108,0.326130922887004,0.2187107324433,0.219769544023875,0.00644692393417415
"MAIN_8_CYCLES","2011_2012","diabetes_f","No","UNWEIGHTED",1317,368,1317,328,,,0.867881548974943,0.865853658536585,0.114663165923797,0.116151100535396,0.00596936535858839
"MAIN_8_CYCLES","2011_2012","diabetes_f","No","SURVEY_WEIGHTED",1317,368,1317,328,22403282.0787392,4235979.41516833,0.889238958490784,0.924123231997158,0.0984930331930097,0.0701194840802848,0.120143360304717
"MAIN_8_CYCLES","2011_2012","diabetes_f","Yes","UNWEIGHTED",1317,368,1317,328,,,0.132118451025057,0.134146341463415,0.114663165923797,0.116151100535396,0.0059693653585883
"MAIN_8_CYCLES","2011_2012","diabetes_f","Yes","SURVEY_WEIGHTED",1317,368,1317,328,22403282.0787392,4235979.41516833,0.110761041509216,0.0758767680028418,0.0984930331930097,0.0701194840802847,0.120143360304717
"MAIN_8_CYCLES","2011_2012","hyperlipidemia_f","No","UNWEIGHTED",1317,368,1317,357,,,0.643128321943812,0.697478991596639,0.229514283457549,0.211002047877975,0.11580808771127
"MAIN_8_CYCLES","2011_2012","hyperlipidemia_f","No","SURVEY_WEIGHTED",1317,368,1317,357,22403282.0787392,4644164.59282077,0.647326030492289,0.683969211315316,0.228295040739385,0.216155329288021,0.077731406754962
"MAIN_8_CYCLES","2011_2012","hyperlipidemia_f","Yes","UNWEIGHTED",1317,368,1317,357,,,0.356871678056188,0.302521008403361,0.229514283457549,0.211002047877975,0.11580808771127
"MAIN_8_CYCLES","2011_2012","hyperlipidemia_f","Yes","SURVEY_WEIGHTED",1317,368,1317,357,22403282.0787392,4644164.59282077,0.352673969507712,0.316030788684684,0.228295040739385,0.216155329288021,0.0777314067549623
"MAIN_8_CYCLES","2013_2014","stroke","1","UNWEIGHTED",1427,360,1427,360,,,0.0350385423966363,0.0416666666666667,0.0338108429433554,0.0399305555555556,0.0345183442274033
"MAIN_8_CYCLES","2013_2014","stroke","1","SURVEY_WEIGHTED",1427,360,1427,360,22841179.3135235,4872410.85222987,0.0261837864047984,0.0303299038298706,0.0254981957343063,0.0294100007635414,0.0250229210756864
"MAIN_8_CYCLES","2013_2014","RIDAGEYR","CONTINUOUS","UNWEIGHTED",1427,360,1427,360,,,49.4512964260687,51.4638888888889,308.825641726235,294.84548901269,0.11584322411299
"MAIN_8_CYCLES","2013_2014","RIDAGEYR","CONTINUOUS","SURVEY_WEIGHTED",1427,360,1427,360,22841179.3135235,4872410.85222987,47.3512507774369,49.5351074950407,291.249613004536,277.445567691517,0.1295088255114
"MAIN_8_CYCLES","2013_2014","sex","Female","UNWEIGHTED",1427,360,1427,360,,,0.521373510861948,0.530555555555556,0.249543173033434,0.249066358024691,0.0183896774646793
"MAIN_8_CYCLES","2013_2014","sex","Female","SURVEY_WEIGHTED",1427,360,1427,360,22841179.3135235,4872410.85222987,0.505492303483345,0.526565037419402,0.249969834602447,0.249294298786906,0.0421765155893854
"MAIN_8_CYCLES","2013_2014","sex","Male","UNWEIGHTED",1427,360,1427,360,,,0.478626489138052,0.469444444444444,0.249543173033434,0.249066358024691,0.0183896774646793
"MAIN_8_CYCLES","2013_2014","sex","Male","SURVEY_WEIGHTED",1427,360,1427,360,22841179.3135235,4872410.85222987,0.494507696516655,0.473434962580598,0.249969834602447,0.249294298786906,0.042176515589385
"MAIN_8_CYCLES","2013_2014","race_eth_f","Non-Hispanic White","UNWEIGHTED",1427,360,1427,360,,,0.437281009110021,0.347222222222222,0.246066328181743,0.226658950617284,0.185240812460385
"MAIN_8_CYCLES","2013_2014","race_eth_f","Non-Hispanic White","SURVEY_WEIGHTED",1427,360,1427,360,22841179.3135235,4872410.85222987,0.670284585253843,0.600458194746355,0.221003160024927,0.239908151108303,0.145454079962609
"MAIN_8_CYCLES","2013_2014","race_eth_f","Mexican American","UNWEIGHTED",1427,360,1427,360,,,0.122634898388227,0.158333333333333,0.107595580085536,0.133263888888889,0.102868477516576
"MAIN_8_CYCLES","2013_2014","race_eth_f","Mexican American","SURVEY_WEIGHTED",1427,360,1427,360,22841179.3135235,4872410.85222987,0.0851418068914336,0.110780552892512,0.0778926796106954,0.0985082219933412,0.0863299277520909
"MAIN_8_CYCLES","2013_2014","race_eth_f","Other Hispanic","UNWEIGHTED",1427,360,1427,360,,,0.0925017519271198,0.0888888888888889,0.0839451778175334,0.0809876543209877,0.012580935551056
"MAIN_8_CYCLES","2013_2014","race_eth_f","Other Hispanic","SURVEY_WEIGHTED",1427,360,1427,360,22841179.3135235,4872410.85222987,0.0576780837848088,0.0569620511594854,0.0543513224357214,0.0537173758871896,0.00308033427691948
"MAIN_8_CYCLES","2013_2014","race_eth_f","Non-Hispanic Black","UNWEIGHTED",1427,360,1427,360,,,0.212333566923616,0.213888888888889,0.16724802328111,0.168140432098765,0.003798054991757
"MAIN_8_CYCLES","2013_2014","race_eth_f","Non-Hispanic Black","SURVEY_WEIGHTED",1427,360,1427,360,22841179.3135235,4872410.85222987,0.111214543040313,0.121295211878895,0.0988458684566477,0.106582683454149,0.0314538595604221
"MAIN_8_CYCLES","2013_2014","race_eth_f","Other/Multiracial","UNWEIGHTED",1427,360,1427,360,,,0.135248773651016,0.191666666666667,0.116956542876912,0.154930555555556,0.153016252248063
"MAIN_8_CYCLES","2013_2014","race_eth_f","Other/Multiracial","SURVEY_WEIGHTED",1427,360,1427,360,22841179.3135235,4872410.85222987,0.0756809810296016,0.110503989322753,0.0699533701399987,0.0982928576665097,0.120062841140216
"MAIN_8_CYCLES","2013_2014","edu_f","College or above","UNWEIGHTED",1427,360,1427,358,,,0.559915907498248,0.444134078212291,0.246410084028661,0.24687899878281,0.23313348334902
"MAIN_8_CYCLES","2013_2014","edu_f","College or above","SURVEY_WEIGHTED",1427,360,1427,358,22841179.3135235,4842506.77252987,0.62403457968146,0.518822086729978,0.234615423043244,0.249645729051129,0.213817128824719
"MAIN_8_CYCLES","2013_2014","edu_f","High school graduate","UNWEIGHTED",1427,360,1427,358,,,0.230553608969867,0.206703910614525,0.177398642360837,0.163977403951188,0.0577273160784605
"MAIN_8_CYCLES","2013_2014","edu_f","High school graduate","SURVEY_WEIGHTED",1427,360,1427,358,22841179.3135235,4842506.77252987,0.222328929229574,0.211523520759631,0.172898776457205,0.166781320925081,0.0262193026135814
"MAIN_8_CYCLES","2013_2014","edu_f","Less than high school","UNWEIGHTED",1427,360,1427,358,,,0.209530483531885,0.349162011173184,0.16562746000278,0.227247901126681,0.315043911326377
"MAIN_8_CYCLES","2013_2014","edu_f","Less than high school","SURVEY_WEIGHTED",1427,360,1427,358,22841179.3135235,4842506.77252987,0.153636491088966,0.269654392510391,0.130032319694836,0.196940901110243,0.286935254025389
"MAIN_8_CYCLES","2013_2014","marital_f","Married/partnered","UNWEIGHTED",1427,360,1427,359,,,0.593552908199019,0.629526462395543,0.241247853367506,0.233222895539296,0.0738573335684857
"MAIN_8_CYCLES","2013_2014","marital_f","Married/partnered","SURVEY_WEIGHTED",1427,360,1427,359,22841179.3135235,4868104.206178,0.631881455710761,0.664696162333611,0.232607281639611,0.222875174112581,0.0687618728455143
"MAIN_8_CYCLES","2013_2014","marital_f","Never married","UNWEIGHTED",1427,360,1427,359,,,0.178696566222845,0.153203342618384,0.146764103443009,0.129732078428938,0.0685638480576026
"MAIN_8_CYCLES","2013_2014","marital_f","Never married","SURVEY_WEIGHTED",1427,360,1427,359,22841179.3135235,4868104.206178,0.177638576158016,0.139842486795024,0.146083112418569,0.120286565682008,0.103566541111429
"MAIN_8_CYCLES","2013_2014","marital_f","Separated/divorced/widowed","UNWEIGHTED",1427,360,1427,359,,,0.227750525578136,0.217270194986072,0.175880223677019,0.170063857356786,0.0251992159255282
"MAIN_8_CYCLES","2013_2014","marital_f","Separated/divorced/widowed","SURVEY_WEIGHTED",1427,360,1427,359,22841179.3135235,4868104.206178,0.190479968131223,0.195461350871365,0.154197349871951,0.157256211186906,0.0126231650018599
"MAIN_8_CYCLES","2013_2014","pir","CONTINUOUS","UNWEIGHTED",1427,360,1427,204,,,2.54086194814296,2.25539215686275,2.73339750336871,2.75483580604656,0.172329200308519
"MAIN_8_CYCLES","2013_2014","pir","CONTINUOUS","SURVEY_WEIGHTED",1427,360,1427,204,22841179.3135235,2712427.664575,2.918444637588,2.60325624799388,2.75954867684252,2.86389816479166,0.187967996335546
"MAIN_8_CYCLES","2013_2014","bmi","CONTINUOUS","UNWEIGHTED",1427,360,1427,342,,,29.1191310441486,28.8076023391813,49.2447178979627,44.9739596302584,0.0453883678042124
"MAIN_8_CYCLES","2013_2014","bmi","CONTINUOUS","SURVEY_WEIGHTED",1427,360,1427,342,22841179.3135235,4587120.546804,29.18930076658,29.6217937332027,49.1628961629675,46.3747590469611,0.0625758500543224
"MAIN_8_CYCLES","2013_2014","smoking_f","Never","UNWEIGHTED",1427,360,1427,358,,,0.564821303433777,0.575418994413408,0.245798198621146,0.24431197528167,0.0214081623982533
"MAIN_8_CYCLES","2013_2014","smoking_f","Never","SURVEY_WEIGHTED",1427,360,1427,358,22841179.3135235,4856386.330739,0.569716556455316,0.563113827467364,0.245139601756013,0.24601664478242,0.0133238162222699
"MAIN_8_CYCLES","2013_2014","smoking_f","Ever","UNWEIGHTED",1427,360,1427,358,,,0.435178696566223,0.424581005586592,0.245798198621146,0.24431197528167,0.0214081623982532
"MAIN_8_CYCLES","2013_2014","smoking_f","Ever","SURVEY_WEIGHTED",1427,360,1427,358,22841179.3135235,4856386.330739,0.430283443544684,0.436886172532636,0.245139601756013,0.24601664478242,0.0133238162222703
"MAIN_8_CYCLES","2013_2014","hypertension_f","No","UNWEIGHTED",1427,360,1427,359,,,0.620882971268395,0.590529247910863,0.235387307257324,0.241804455272693,0.0621413237476479
"MAIN_8_CYCLES","2013_2014","hypertension_f","No","SURVEY_WEIGHTED",1427,360,1427,359,22841179.3135235,4867069.20895775,0.64659755487296,0.570536127387074,0.22850915690527,0.245024654733234,0.15631619407745
"MAIN_8_CYCLES","2013_2014","hypertension_f","Yes","UNWEIGHTED",1427,360,1427,359,,,0.379117028731605,0.409470752089136,0.235387307257324,0.241804455272693,0.0621413237476479
"MAIN_8_CYCLES","2013_2014","hypertension_f","Yes","SURVEY_WEIGHTED",1427,360,1427,359,22841179.3135235,4867069.20895775,0.35340244512704,0.429463872612926,0.22850915690527,0.245024654733234,0.15631619407745
"MAIN_8_CYCLES","2013_2014","diabetes_f","No","UNWEIGHTED",1427,360,1427,306,,,0.855641205325858,0.856209150326797,0.123519333074371,0.123115041223461,0.00161731448520163
"MAIN_8_CYCLES","2013_2014","diabetes_f","No","SURVEY_WEIGHTED",1427,360,1427,306,22841179.3135235,4052388.367723,0.887070681926522,0.880678871400702,0.100176287192938,0.105083596869088,0.019952019049639
"MAIN_8_CYCLES","2013_2014","diabetes_f","Yes","UNWEIGHTED",1427,360,1427,306,,,0.144358794674142,0.143790849673203,0.123519333074371,0.123115041223461,0.00161731448520171
"MAIN_8_CYCLES","2013_2014","diabetes_f","Yes","SURVEY_WEIGHTED",1427,360,1427,306,22841179.3135235,4052388.367723,0.112929318073478,0.119321128599298,0.100176287192938,0.105083596869088,0.0199520190496391
"MAIN_8_CYCLES","2013_2014","hyperlipidemia_f","No","UNWEIGHTED",1427,360,1427,350,,,0.647512263489839,0.597142857142857,0.228240132120104,0.240563265306122,0.104036672893589
"MAIN_8_CYCLES","2013_2014","hyperlipidemia_f","No","SURVEY_WEIGHTED",1427,360,1427,350,22841179.3135235,4762873.09188212,0.648780224574426,0.59739628617351,0.227864444775584,0.240513963439608,0.106180301221137
"MAIN_8_CYCLES","2013_2014","hyperlipidemia_f","Yes","UNWEIGHTED",1427,360,1427,350,,,0.352487736510161,0.402857142857143,0.228240132120104,0.240563265306122,0.104036672893589
"MAIN_8_CYCLES","2013_2014","hyperlipidemia_f","Yes","SURVEY_WEIGHTED",1427,360,1427,350,22841179.3135235,4762873.09188212,0.351219775425574,0.40260371382649,0.227864444775584,0.240513963439608,0.106180301221137
"MAIN_8_CYCLES","2015_2016","stroke","1","UNWEIGHTED",1324,345,1324,345,,,0.0347432024169184,0.0318840579710145,0.0335361123027355,0.0308674648183155,0.0159329465686154
"MAIN_8_CYCLES","2015_2016","stroke","1","SURVEY_WEIGHTED",1324,345,1324,345,23704893.906809,4667864.9627235,0.0285781611659011,0.0201900963134626,0.0277614498702769,0.0197824563243157,0.0544038140074118
"MAIN_8_CYCLES","2015_2016","RIDAGEYR","CONTINUOUS","UNWEIGHTED",1324,345,1324,345,,,48.833081570997,50.6492753623188,297.783908561746,329.158611391978,0.102580148147354
"MAIN_8_CYCLES","2015_2016","RIDAGEYR","CONTINUOUS","SURVEY_WEIGHTED",1324,345,1324,345,23704893.906809,4667864.9627235,47.6018126863004,49.6612082286688,282.339527454964,329.684070896306,0.117725537563972
"MAIN_8_CYCLES","2015_2016","sex","Female","UNWEIGHTED",1324,345,1324,345,,,0.508308157099698,0.565217391304348,0.249930974525607,0.245746691871456,0.114313642584739
"MAIN_8_CYCLES","2015_2016","sex","Female","SURVEY_WEIGHTED",1324,345,1324,345,23704893.906809,4667864.9627235,0.504179093817466,0.53642300491284,0.249982535174865,0.248673364713119,0.0645746754282274
"MAIN_8_CYCLES","2015_2016","sex","Male","UNWEIGHTED",1324,345,1324,345,,,0.491691842900302,0.434782608695652,0.249930974525607,0.245746691871456,0.114313642584739
"MAIN_8_CYCLES","2015_2016","sex","Male","SURVEY_WEIGHTED",1324,345,1324,345,23704893.906809,4667864.9627235,0.495820906182534,0.46357699508716,0.249982535174865,0.248673364713119,0.0645746754282278
"MAIN_8_CYCLES","2015_2016","race_eth_f","Non-Hispanic White","UNWEIGHTED",1324,345,1324,345,,,0.334592145015106,0.214492753623188,0.222640241509296,0.168485612266331,0.271579848901973
"MAIN_8_CYCLES","2015_2016","race_eth_f","Non-Hispanic White","SURVEY_WEIGHTED",1324,345,1324,345,23704893.906809,4667864.9627235,0.659819646769998,0.494117419260538,0.224457680506313,0.249965395243844,0.340220471451089
"MAIN_8_CYCLES","2015_2016","race_eth_f","Mexican American","UNWEIGHTED",1324,345,1324,345,,,0.169184290030211,0.171014492753623,0.140560966037185,0.141768536021844,0.00487120115481954
"MAIN_8_CYCLES","2015_2016","race_eth_f","Mexican American","SURVEY_WEIGHTED",1324,345,1324,345,23704893.906809,4667864.9627235,0.0808539185349493,0.112732668129226,0.0743165623924931,0.100024013665692,0.107973464813122
"MAIN_8_CYCLES","2015_2016","race_eth_f","Other Hispanic","UNWEIGHTED",1324,345,1324,345,,,0.123111782477341,0.168115942028985,0.107955271492593,0.139852972064692,0.127852663169218
"MAIN_8_CYCLES","2015_2016","race_eth_f","Other Hispanic","SURVEY_WEIGHTED",1324,345,1324,345,23704893.906809,4667864.9627235,0.0579466626000672,0.110266774208495,0.0545888468935812,0.0981080127141474,0.189351437670763
"MAIN_8_CYCLES","2015_2016","race_eth_f","Non-Hispanic Black","UNWEIGHTED",1324,345,1324,345,,,0.235649546827795,0.226086956521739,0.18011883790765,0.174971644612476,0.0226945215506991
"MAIN_8_CYCLES","2015_2016","race_eth_f","Non-Hispanic Black","SURVEY_WEIGHTED",1324,345,1324,345,23704893.906809,4667864.9627235,0.109711579961326,0.13386458132693,0.0976749491837156,0.115944855193095,0.0739035579559614
"MAIN_8_CYCLES","2015_2016","race_eth_f","Other/Multiracial","UNWEIGHTED",1324,345,1324,345,,,0.137462235649547,0.220289855072464,0.118566369419775,0.171762234824617,0.21739285395725
"MAIN_8_CYCLES","2015_2016","race_eth_f","Other/Multiracial","SURVEY_WEIGHTED",1324,345,1324,345,23704893.906809,4667864.9627235,0.0916681921336592,0.149018557074812,0.0832651346846058,0.126812026722153,0.176954561951469
"MAIN_8_CYCLES","2015_2016","edu_f","College or above","UNWEIGHTED",1324,345,1324,343,,,0.566465256797583,0.518950437317784,0.245582369638831,0.249640880925465,0.095486850330731
"MAIN_8_CYCLES","2015_2016","edu_f","College or above","SURVEY_WEIGHTED",1324,345,1324,343,23704893.906809,4659046.03297487,0.663933538280176,0.629849102116116,0.223125795026942,0.233139210679639,0.0713612636065754
"MAIN_8_CYCLES","2015_2016","edu_f","High school graduate","UNWEIGHTED",1324,345,1324,343,,,0.226586102719033,0.189504373177843,0.175244840773633,0.153592465724316,0.0914501534883831
"MAIN_8_CYCLES","2015_2016","edu_f","High school graduate","SURVEY_WEIGHTED",1324,345,1324,343,23704893.906809,4659046.03297487,0.213578408699152,0.166629111201907,0.16796267203669,0.13886385050197,0.119866451056026
"MAIN_8_CYCLES","2015_2016","edu_f","Less than high school","UNWEIGHTED",1324,345,1324,343,,,0.206948640483384,0.291545189504373,0.164120900685463,0.206546591981232,0.196505809657347
"MAIN_8_CYCLES","2015_2016","edu_f","Less than high school","SURVEY_WEIGHTED",1324,345,1324,343,23704893.906809,4659046.03297487,0.122488053020672,0.203521786681977,0.107484729887877,0.162100669027753,0.220715414185284
"MAIN_8_CYCLES","2015_2016","marital_f","Married/partnered","UNWEIGHTED",1324,345,1324,345,,,0.600453172205438,0.539130434782609,0.239909160193865,0.248468809073724,0.124096204526757
"MAIN_8_CYCLES","2015_2016","marital_f","Married/partnered","SURVEY_WEIGHTED",1324,345,1324,345,23704893.906809,4667864.9627235,0.653743006662573,0.557093042408007,0.226363087902352,0.246740384508597,0.198718649837749
"MAIN_8_CYCLES","2015_2016","marital_f","Never married","UNWEIGHTED",1324,345,1324,345,,,0.200151057401813,0.208695652173913,0.160090611622749,0.165141776937618,0.0211889567542249
"MAIN_8_CYCLES","2015_2016","marital_f","Never married","SURVEY_WEIGHTED",1324,345,1324,345,23704893.906809,4667864.9627235,0.176391890627702,0.194773731159129,0.145277791548487,0.15683692480948,0.0472953072945041
"MAIN_8_CYCLES","2015_2016","marital_f","Separated/divorced/widowed","UNWEIGHTED",1324,345,1324,345,,,0.199395770392749,0.252173913043478,0.159637097142231,0.188582230623819,0.126486059827442
"MAIN_8_CYCLES","2015_2016","marital_f","Separated/divorced/widowed","SURVEY_WEIGHTED",1324,345,1324,345,23704893.906809,4667864.9627235,0.169865102709725,0.248133226432863,0.14101094959114,0.186563128372881,0.193394962295783
"MAIN_8_CYCLES","2015_2016","pir","CONTINUOUS","UNWEIGHTED",1324,345,1324,180,,,2.46592145015106,2.38183333333333,2.60614253653123,2.68469997206704,0.0516996028798839
"MAIN_8_CYCLES","2015_2016","pir","CONTINUOUS","SURVEY_WEIGHTED",1324,345,1324,180,23704893.906809,2485843.14423438,3.08547489381568,2.77439273983314,2.7223637197091,2.66020217435691,0.189624923086527
"MAIN_8_CYCLES","2015_2016","bmi","CONTINUOUS","UNWEIGHTED",1324,345,1324,332,,,29.7163897280967,29.9012048192771,49.6904265630388,46.2390921996142,0.0266855584552224
"MAIN_8_CYCLES","2015_2016","bmi","CONTINUOUS","SURVEY_WEIGHTED",1324,345,1324,332,23704893.906809,4532622.57410325,29.2811492217152,29.7046407101275,48.8128256183616,43.0037998157355,0.0625027348185797
"MAIN_8_CYCLES","2015_2016","smoking_f","Never","UNWEIGHTED",1324,345,1324,342,,,0.574018126888218,0.634502923976608,0.24452131689196,0.231908963441743,0.123925747695104
"MAIN_8_CYCLES","2015_2016","smoking_f","Never","SURVEY_WEIGHTED",1324,345,1324,342,23704893.906809,4646300.703365,0.559510529354681,0.577493308753668,0.246458496895926,0.243994787098409,0.0363139081764976
"MAIN_8_CYCLES","2015_2016","smoking_f","Ever","UNWEIGHTED",1324,345,1324,342,,,0.425981873111782,0.365497076023392,0.24452131689196,0.231908963441743,0.123925747695104
"MAIN_8_CYCLES","2015_2016","smoking_f","Ever","SURVEY_WEIGHTED",1324,345,1324,342,23704893.906809,4646300.703365,0.440489470645319,0.422506691246332,0.246458496895926,0.243994787098409,0.0363139081764977
"MAIN_8_CYCLES","2015_2016","hypertension_f","No","UNWEIGHTED",1324,345,1324,345,,,0.626132930513595,0.631884057971015,0.234090483840053,0.232606595253098,0.0119055770234165
"MAIN_8_CYCLES","2015_2016","hypertension_f","No","SURVEY_WEIGHTED",1324,345,1324,345,23704893.906809,4667864.9627235,0.676403327790628,0.637257778638653,0.218881865944392,0.231160302203183,0.0825221973558981
"MAIN_8_CYCLES","2015_2016","hypertension_f","Yes","UNWEIGHTED",1324,345,1324,345,,,0.373867069486405,0.368115942028986,0.234090483840053,0.232606595253098,0.0119055770234165
"MAIN_8_CYCLES","2015_2016","hypertension_f","Yes","SURVEY_WEIGHTED",1324,345,1324,345,23704893.906809,4667864.9627235,0.323596672209373,0.362742221361347,0.218881865944392,0.231160302203183,0.082522197355898
"MAIN_8_CYCLES","2015_2016","diabetes_f","No","UNWEIGHTED",1324,345,1324,305,,,0.854984894259819,0.875409836065574,0.123985724847345,0.109067454985219,0.0598340374867491
"MAIN_8_CYCLES","2015_2016","diabetes_f","No","SURVEY_WEIGHTED",1324,345,1324,305,23704893.906809,3961017.72483775,0.904486340478431,0.910518281663895,0.0863908003663669,0.0814747404197228,0.0208205078805037
"MAIN_8_CYCLES","2015_2016","diabetes_f","Yes","UNWEIGHTED",1324,345,1324,305,,,0.145015105740181,0.124590163934426,0.123985724847345,0.109067454985219,0.0598340374867491
"MAIN_8_CYCLES","2015_2016","diabetes_f","Yes","SURVEY_WEIGHTED",1324,345,1324,305,23704893.906809,3961017.72483775,0.0955136595215692,0.0894817183361047,0.086390800366367,0.0814747404197228,0.0208205078805041
"MAIN_8_CYCLES","2015_2016","hyperlipidemia_f","No","UNWEIGHTED",1324,345,1324,334,,,0.664652567975831,0.643712574850299,0.222889531858964,0.229346695829897,0.0440361008531898
"MAIN_8_CYCLES","2015_2016","hyperlipidemia_f","No","SURVEY_WEIGHTED",1324,345,1324,334,23704893.906809,4560430.10216662,0.670715335230433,0.647355922756726,0.220856274317161,0.228286232028514,0.0492929527573359
"MAIN_8_CYCLES","2015_2016","hyperlipidemia_f","Yes","UNWEIGHTED",1324,345,1324,334,,,0.335347432024169,0.356287425149701,0.222889531858964,0.229346695829897,0.0440361008531898
"MAIN_8_CYCLES","2015_2016","hyperlipidemia_f","Yes","SURVEY_WEIGHTED",1324,345,1324,334,23704893.906809,4560430.10216662,0.329284664769567,0.352644077243274,0.220856274317161,0.228286232028514,0.0492929527573361
"MAIN_8_CYCLES","2017_2018","stroke","1","UNWEIGHTED",1319,366,1319,366,,,0.0470053070507961,0.046448087431694,0.0447958081598564,0.0442906626056317,0.00264019205440494
"MAIN_8_CYCLES","2017_2018","stroke","1","SURVEY_WEIGHTED",1319,366,1319,366,24032963.2565407,4838568.22500375,0.0360541450472999,0.0472940005224526,0.0347542436722082,0.0450572780370349,0.056265596732423
"MAIN_8_CYCLES","2017_2018","RIDAGEYR","CONTINUOUS","UNWEIGHTED",1319,366,1319,366,,,50.1948445792267,53.4672131147541,307.527257164749,305.055086458567,0.186979919510448
"MAIN_8_CYCLES","2017_2018","RIDAGEYR","CONTINUOUS","SURVEY_WEIGHTED",1319,366,1319,366,24032963.2565407,4838568.22500375,47.5258533010521,50.8961237336296,294.899380093331,313.101607959344,0.19329810909498
"MAIN_8_CYCLES","2017_2018","sex","Female","UNWEIGHTED",1319,366,1319,366,,,0.491281273692191,0.538251366120219,0.24992398381157,0.248536832989937,0.0940851106973467
"MAIN_8_CYCLES","2017_2018","sex","Female","SURVEY_WEIGHTED",1319,366,1319,366,24032963.2565407,4838568.22500375,0.503140263219636,0.540313446465813,0.249990138746911,0.248374826034048,0.074468224364422
"MAIN_8_CYCLES","2017_2018","sex","Male","UNWEIGHTED",1319,366,1319,366,,,0.508718726307809,0.461748633879781,0.24992398381157,0.248536832989937,0.0940851106973464
"MAIN_8_CYCLES","2017_2018","sex","Male","SURVEY_WEIGHTED",1319,366,1319,366,24032963.2565407,4838568.22500375,0.496859736780364,0.459686553534186,0.249990138746911,0.248374826034048,0.0744682243644222
"MAIN_8_CYCLES","2017_2018","race_eth_f","Non-Hispanic White","UNWEIGHTED",1319,366,1319,366,,,0.379075056861259,0.224043715846995,0.235377158126892,0.173848129236466,0.342730907052953
"MAIN_8_CYCLES","2017_2018","race_eth_f","Non-Hispanic White","SURVEY_WEIGHTED",1319,366,1319,366,24032963.2565407,4838568.22500375,0.649498459401986,0.494971689315287,0.227650210636433,0.249974716091658,0.316209732569051
"MAIN_8_CYCLES","2017_2018","race_eth_f","Mexican American","UNWEIGHTED",1319,366,1319,366,,,0.130401819560273,0.163934426229508,0.113397185015643,0.13705993012631,0.0947579432493389
"MAIN_8_CYCLES","2017_2018","race_eth_f","Mexican American","SURVEY_WEIGHTED",1319,366,1319,366,24032963.2565407,4838568.22500375,0.0842157166059273,0.112149318118653,0.0771234296824775,0.0995718485641739,0.0939787056235083
"MAIN_8_CYCLES","2017_2018","race_eth_f","Other Hispanic","UNWEIGHTED",1319,366,1319,366,,,0.0841546626231994,0.120218579234973,0.0770726553819749,0.105766072441697,0.119276199460263
"MAIN_8_CYCLES","2017_2018","race_eth_f","Other Hispanic","SURVEY_WEIGHTED",1319,366,1319,366,24032963.2565407,4838568.22500375,0.0629408184068945,0.104131974676684,0.0589792717851649,0.0932885065266187,0.149284588518752
"MAIN_8_CYCLES","2017_2018","race_eth_f","Non-Hispanic Black","UNWEIGHTED",1319,366,1319,366,,,0.224412433661865,0.270491803278689,0.174051493279824,0.197325987637732,0.106933490684961
"MAIN_8_CYCLES","2017_2018","race_eth_f","Non-Hispanic Black","SURVEY_WEIGHTED",1319,366,1319,366,24032963.2565407,4838568.22500375,0.106989053100353,0.159824881199986,0.095542395617043,0.134280888549396,0.155864246072903
"MAIN_8_CYCLES","2017_2018","race_eth_f","Other/Multiracial","UNWEIGHTED",1319,366,1319,366,,,0.181956027293404,0.221311475409836,0.148848031425006,0.172332706261758,0.098207603649567
"MAIN_8_CYCLES","2017_2018","race_eth_f","Other/Multiracial","SURVEY_WEIGHTED",1319,366,1319,366,24032963.2565407,4838568.22500375,0.0963559524848391,0.12892213668939,0.0870714829055785,0.112301219360833,0.10314520070001
"MAIN_8_CYCLES","2017_2018","edu_f","College or above","UNWEIGHTED",1319,366,1319,363,,,0.578468536770281,0.49862258953168,0.243842688737131,0.249998102740402,0.160684651524848
"MAIN_8_CYCLES","2017_2018","edu_f","College or above","SURVEY_WEIGHTED",1319,366,1319,363,24032963.2565407,4808413.15384963,0.634162676584705,0.535963516090333,0.232000376211628,0.24870662551042,0.200300737756219
"MAIN_8_CYCLES","2017_2018","edu_f","High school graduate","UNWEIGHTED",1319,366,1319,363,,,0.23805913570887,0.212121212121212,0.181386983614416,0.16712580348944,0.0621356499840136
"MAIN_8_CYCLES","2017_2018","edu_f","High school graduate","SURVEY_WEIGHTED",1319,366,1319,363,24032963.2565407,4808413.15384963,0.268500052049878,0.292664742137482,0.196407774099091,0.207012090847083,0.0538043745978463
"MAIN_8_CYCLES","2017_2018","edu_f","Less than high school","UNWEIGHTED",1319,366,1319,363,,,0.183472327520849,0.289256198347107,0.149810232554931,0.205587050064886,0.250944337868526
"MAIN_8_CYCLES","2017_2018","edu_f","Less than high school","SURVEY_WEIGHTED",1319,366,1319,363,24032963.2565407,4808413.15384963,0.0973372713654169,0.171371741772186,0.0878627269685521,0.142003467894153,0.218379274358168
"MAIN_8_CYCLES","2017_2018","marital_f","Married/partnered","UNWEIGHTED",1319,366,1319,365,,,0.588324488248673,0.619178082191781,0.24219878477561,0.235796584725089,0.0631115596240551
"MAIN_8_CYCLES","2017_2018","marital_f","Married/partnered","SURVEY_WEIGHTED",1319,366,1319,365,24032963.2565407,4832462.133739,0.604077693445486,0.683475772498213,0.239167833727067,0.216336640906184,0.16637139928764
"MAIN_8_CYCLES","2017_2018","marital_f","Never married","UNWEIGHTED",1319,366,1319,365,,,0.184988627748294,0.175342465753425,0.150767835352097,0.144597485456934,0.0251009291245418
"MAIN_8_CYCLES","2017_2018","marital_f","Never married","SURVEY_WEIGHTED",1319,366,1319,365,24032963.2565407,4832462.133739,0.212672598479994,0.1510858759838,0.167442964335762,0.128258934062008,0.160167734984639
"MAIN_8_CYCLES","2017_2018","marital_f","Separated/divorced/widowed","UNWEIGHTED",1319,366,1319,365,,,0.226686884003033,0.205479452054795,0.175299940624028,0.163257646838056,0.0515450308961578
"MAIN_8_CYCLES","2017_2018","marital_f","Separated/divorced/widowed","SURVEY_WEIGHTED",1319,366,1319,365,24032963.2565407,4832462.133739,0.18324970807452,0.165438351517987,0.149669252565123,0.138068503364998,0.0469584301106089
"MAIN_8_CYCLES","2017_2018","pir","CONTINUOUS","UNWEIGHTED",1319,366,1319,139,,,2.58463987869598,2.33841726618705,2.60355645215659,2.51522501303305,0.153907448515681
"MAIN_8_CYCLES","2017_2018","pir","CONTINUOUS","SURVEY_WEIGHTED",1319,366,1319,139,24032963.2565407,1802341.42898725,3.14107989108837,2.81161391419279,2.71229221247906,2.90900067326459,0.196520320461228
"MAIN_8_CYCLES","2017_2018","bmi","CONTINUOUS","UNWEIGHTED",1319,366,1319,347,,,29.8028051554208,29.9587896253602,58.8484063891691,54.7990771434759,0.0206926659799153
"MAIN_8_CYCLES","2017_2018","bmi","CONTINUOUS","SURVEY_WEIGHTED",1319,366,1319,347,24032963.2565407,4640323.294009,29.5634019171538,29.6476915016676,52.0311076121883,65.8182690148103,0.0109805796389379
"MAIN_8_CYCLES","2017_2018","smoking_f","Never","UNWEIGHTED",1319,366,1319,366,,,0.583017437452616,0.592896174863388,0.243108105078801,0.241370300695751,0.020071472148712
"MAIN_8_CYCLES","2017_2018","smoking_f","Never","SURVEY_WEIGHTED",1319,366,1319,366,24032963.2565407,4838568.22500375,0.617131662040167,0.572850107520516,0.236280173747708,0.244692861834249,0.0902978669976217
"MAIN_8_CYCLES","2017_2018","smoking_f","Ever","UNWEIGHTED",1319,366,1319,366,,,0.416982562547384,0.407103825136612,0.243108105078801,0.241370300695751,0.0200714721487118
"MAIN_8_CYCLES","2017_2018","smoking_f","Ever","SURVEY_WEIGHTED",1319,366,1319,366,24032963.2565407,4838568.22500375,0.382868337959833,0.427149892479484,0.236280173747708,0.244692861834249,0.0902978669976217
"MAIN_8_CYCLES","2017_2018","hypertension_f","No","UNWEIGHTED",1319,366,1319,361,,,0.645185746777862,0.595567867036011,0.228921098932555,0.240866782790187,0.102376975484393
"MAIN_8_CYCLES","2017_2018","hypertension_f","No","SURVEY_WEIGHTED",1319,366,1319,361,24032963.2565407,4779033.19316837,0.704632900253126,0.647064712480262,0.208125376133994,0.228371970343098,0.123227248706051
"MAIN_8_CYCLES","2017_2018","hypertension_f","Yes","UNWEIGHTED",1319,366,1319,361,,,0.354814253222138,0.404432132963989,0.228921098932555,0.240866782790187,0.102376975484393
"MAIN_8_CYCLES","2017_2018","hypertension_f","Yes","SURVEY_WEIGHTED",1319,366,1319,361,24032963.2565407,4779033.19316837,0.295367099746874,0.352935287519738,0.208125376133994,0.228371970343098,0.123227248706051
"MAIN_8_CYCLES","2017_2018","diabetes_f","No","UNWEIGHTED",1319,366,1319,315,,,0.849886277482942,0.828571428571429,0.12757959282913,0.142040816326531,0.0580524929852587
"MAIN_8_CYCLES","2017_2018","diabetes_f","No","SURVEY_WEIGHTED",1319,366,1319,315,24032963.2565407,4159762.923594,0.891547724703922,0.850794541548805,0.0966903792791814,0.126943189619564,0.121873150158395
"MAIN_8_CYCLES","2017_2018","diabetes_f","Yes","UNWEIGHTED",1319,366,1319,315,,,0.150113722517058,0.171428571428571,0.12757959282913,0.142040816326531,0.0580524929852587
"MAIN_8_CYCLES","2017_2018","diabetes_f","Yes","SURVEY_WEIGHTED",1319,366,1319,315,24032963.2565407,4159762.923594,0.108452275296078,0.149205458451195,0.0966903792791814,0.126943189619564,0.121873150158396
"MAIN_8_CYCLES","2017_2018","hyperlipidemia_f","No","UNWEIGHTED",1319,366,1319,355,,,0.652767247915087,0.659154929577465,0.22666216796445,0.224669708391192,0.0134465310310207
"MAIN_8_CYCLES","2017_2018","hyperlipidemia_f","No","SURVEY_WEIGHTED",1319,366,1319,355,24032963.2565407,4744524.29929938,0.666858959738137,0.668929978980041,0.222158087555107,0.221462662201803,0.00439737199294487
"MAIN_8_CYCLES","2017_2018","hyperlipidemia_f","Yes","UNWEIGHTED",1319,366,1319,355,,,0.347232752084913,0.340845070422535,0.22666216796445,0.224669708391192,0.0134465310310208
"MAIN_8_CYCLES","2017_2018","hyperlipidemia_f","Yes","SURVEY_WEIGHTED",1319,366,1319,355,24032963.2565407,4744524.29929938,0.333141040261863,0.331070021019959,0.222158087555107,0.221462662201803,0.0043973719929451
"MAIN_8_CYCLES","Female","stroke","1","UNWEIGHTED",5222,1471,5222,1471,,,0.0379165070854079,0.035350101971448,0.0364788455758501,0.0341004722620562,0.0136615973629323
"MAIN_8_CYCLES","Female","stroke","1","SURVEY_WEIGHTED",5222,1471,5222,1471,89030981.7558849,20491489.7199354,0.0303789821848776,0.0289822803659825,0.0294560996262885,0.0281423077907701,0.0082302581753319
"MAIN_8_CYCLES","Female","RIDAGEYR","CONTINUOUS","UNWEIGHTED",5222,1471,5222,1471,,,49.6206434316354,50.5791978246091,312.124017360289,331.849335682607,0.0534192530599278
"MAIN_8_CYCLES","Female","RIDAGEYR","CONTINUOUS","SURVEY_WEIGHTED",5222,1471,5222,1471,89030981.7558849,20491489.7199354,48.0643832850759,48.7258198944799,284.67048222739,310.185881977074,0.0383528083587433
"MAIN_8_CYCLES","Female","sex","Female","UNWEIGHTED",5222,1471,5222,1471,,,1,1,0,0,0
"MAIN_8_CYCLES","Female","sex","Female","SURVEY_WEIGHTED",5222,1471,5222,1471,89030981.7558849,20491489.7199354,1,1,0,1.11022302462516e-16,1.49011611938477e-08
"MAIN_8_CYCLES","Female","sex","Male","UNWEIGHTED",5222,1471,5222,1471,,,0,0,0,0,0
"MAIN_8_CYCLES","Female","sex","Male","SURVEY_WEIGHTED",5222,1471,5222,1471,89030981.7558849,20491489.7199354,0,0,0,0,0
"MAIN_8_CYCLES","Female","race_eth_f","Non-Hispanic White","UNWEIGHTED",5222,1471,5222,1471,,,0.442550746840291,0.329027872195785,0.246699583311392,0.220768531514099,0.234813131730951
"MAIN_8_CYCLES","Female","race_eth_f","Non-Hispanic White","SURVEY_WEIGHTED",5222,1471,5222,1471,89030981.7558849,20491489.7199354,0.692568614068413,0.579203557684499,0.212917328875771,0.243726796450118,0.237249479748774
"MAIN_8_CYCLES","Female","race_eth_f","Mexican American","UNWEIGHTED",5222,1471,5222,1471,,,0.150325545767905,0.178789938817131,0.127727776057487,0.146824096594898,0.0768253805898464
"MAIN_8_CYCLES","Female","race_eth_f","Mexican American","SURVEY_WEIGHTED",5222,1471,5222,1471,89030981.7558849,20491489.7199354,0.0690392062271219,0.0951838995192577,0.0642727942306509,0.0861239247915656,0.0953409265567045
"MAIN_8_CYCLES","Female","race_eth_f","Other Hispanic","UNWEIGHTED",5222,1471,5222,1471,,,0.0905783224818077,0.114208021753909,0.0823738899781894,0.101164549520968,0.0780027070456596
"MAIN_8_CYCLES","Female","race_eth_f","Other Hispanic","SURVEY_WEIGHTED",5222,1471,5222,1471,89030981.7558849,20491489.7199354,0.0510817054556341,0.0763995059623146,0.048472364823378,0.0705626214510288,0.103777608459585
"MAIN_8_CYCLES","Female","race_eth_f","Non-Hispanic Black","UNWEIGHTED",5222,1471,5222,1471,,,0.218115664496362,0.239972807613868,0.170541221397672,0.182385859219786,0.0520314467748833
"MAIN_8_CYCLES","Female","race_eth_f","Non-Hispanic Black","SURVEY_WEIGHTED",5222,1471,5222,1471,89030981.7558849,20491489.7199354,0.116048467742207,0.150789726854297,0.102581220876893,0.128052185129504,0.102305609198485
"MAIN_8_CYCLES","Female","race_eth_f","Other/Multiracial","UNWEIGHTED",5222,1471,5222,1471,,,0.0984297204136346,0.138001359619307,0.0887413105529283,0.118956984362529,0.122795534252877
"MAIN_8_CYCLES","Female","race_eth_f","Other/Multiracial","SURVEY_WEIGHTED",5222,1471,5222,1471,89030981.7558849,20491489.7199354,0.0712620065066245,0.0984233099796315,0.0661837329352743,0.0887361620322849,0.0975915035027811
"MAIN_8_CYCLES","Female","edu_f","College or above","UNWEIGHTED",5222,1471,5222,1462,,,0.549023362696285,0.456224350205198,0.247596709909949,0.248083692485043,0.186404966037869
"MAIN_8_CYCLES","Female","edu_f","College or above","SURVEY_WEIGHTED",5222,1471,5222,1462,89030981.7558849,20380916.4078325,0.631000923150468,0.537734776973336,0.232838758133725,0.248576086606773,0.190098762914306
"MAIN_8_CYCLES","Female","edu_f","High school graduate","UNWEIGHTED",5222,1471,5222,1462,,,0.229797012638836,0.214774281805746,0.176990345621102,0.168646289680572,0.0361371584025943
"MAIN_8_CYCLES","Female","edu_f","High school graduate","SURVEY_WEIGHTED",5222,1471,5222,1462,89030981.7558849,20380916.4078325,0.232180412679248,0.233572259476779,0.178272668647342,0.179016259079691,0.00329303732662166
"MAIN_8_CYCLES","Female","edu_f","Less than high school","UNWEIGHTED",5222,1471,5222,1462,,,0.221179624664879,0.329001367989056,0.172259198297982,0.220759467850386,0.24322866639883
"MAIN_8_CYCLES","Female","edu_f","Less than high school","SURVEY_WEIGHTED",5222,1471,5222,1462,89030981.7558849,20380916.4078325,0.136818664170284,0.228692963549885,0.118099317304943,0.176392491972656,0.239426616331229
"MAIN_8_CYCLES","Female","marital_f","Married/partnered","UNWEIGHTED",5222,1471,5222,1466,,,0.543278437380314,0.530013642564802,0.248126976857918,0.249099181259992,0.0266034861261858
"MAIN_8_CYCLES","Female","marital_f","Married/partnered","SURVEY_WEIGHTED",5222,1471,5222,1466,89030981.7558849,20388425.8439025,0.602904695424035,0.595711950852649,0.239410623659687,0.24083922246398,0.0146783087485521
"MAIN_8_CYCLES","Female","marital_f","Never married","UNWEIGHTED",5222,1471,5222,1466,,,0.173688242052853,0.169849931787176,0.143520636625443,0.141000932459068,0.0101764775261123
"MAIN_8_CYCLES","Female","marital_f","Never married","SURVEY_WEIGHTED",5222,1471,5222,1466,89030981.7558849,20388425.8439025,0.158487297353854,0.159572961950055,0.133369073931325,0.134109431764541,0.00296869943139274
"MAIN_8_CYCLES","Female","marital_f","Separated/divorced/widowed","UNWEIGHTED",5222,1471,5222,1466,,,0.283033320566833,0.300136425648022,0.202925460015745,0.210054551647251,0.0376379053483871
"MAIN_8_CYCLES","Female","marital_f","Separated/divorced/widowed","SURVEY_WEIGHTED",5222,1471,5222,1466,89030981.7558849,20388425.8439025,0.238608007222112,0.244715087197296,0.181674226111604,0.184829613295316,0.0142662339237586
"MAIN_8_CYCLES","Female","pir","CONTINUOUS","UNWEIGHTED",5222,1471,5222,850,,,2.50167751819226,2.17165882352941,2.68156504595684,2.52251891761934,0.204588582132052
"MAIN_8_CYCLES","Female","pir","CONTINUOUS","SURVEY_WEIGHTED",5222,1471,5222,850,89030981.7558849,12057587.6189118,2.98823292938676,2.60378006149729,2.73966158452874,2.85942185827535,0.22977333769823
"MAIN_8_CYCLES","Female","bmi","CONTINUOUS","UNWEIGHTED",5222,1471,5222,1405,,,29.4633665262352,29.4833096085409,57.1662237150869,56.545343383419,0.00264487381546534
"MAIN_8_CYCLES","Female","bmi","CONTINUOUS","SURVEY_WEIGHTED",5222,1471,5222,1405,89030981.7558849,19756546.5995981,28.8647555825832,28.9316771297247,54.5976693529027,61.3093659391007,0.00879075288476986
"MAIN_8_CYCLES","Female","smoking_f","Never","UNWEIGHTED",5222,1471,5222,1466,,,0.619685944082727,0.687585266030014,0.235675274789026,0.214811767968449,0.143066938320269
"MAIN_8_CYCLES","Female","smoking_f","Never","SURVEY_WEIGHTED",5222,1471,5222,1466,89030981.7558849,20450293.1055168,0.597650406146907,0.637198482537102,0.240464398179344,0.231176576389516,0.0814394061465843
"MAIN_8_CYCLES","Female","smoking_f","Ever","UNWEIGHTED",5222,1471,5222,1466,,,0.380314055917273,0.312414733969986,0.235675274789026,0.214811767968449,0.143066938320268
"MAIN_8_CYCLES","Female","smoking_f","Ever","SURVEY_WEIGHTED",5222,1471,5222,1466,89030981.7558849,20450293.1055168,0.402349593853093,0.362801517462898,0.240464398179344,0.231176576389516,0.0814394061465847
"MAIN_8_CYCLES","Female","hypertension_f","No","UNWEIGHTED",5222,1471,5222,1459,,,0.634239754883187,0.638793694311172,0.231979688208902,0.230736310419457,0.0094677109353784
"MAIN_8_CYCLES","Female","hypertension_f","No","SURVEY_WEIGHTED",5222,1471,5222,1459,89030981.7558849,20273572.9467267,0.686497015004181,0.672404329050121,0.21521886339453,0.220276747324778,0.0302006910673701
"MAIN_8_CYCLES","Female","hypertension_f","Yes","UNWEIGHTED",5222,1471,5222,1459,,,0.365760245116813,0.361206305688828,0.231979688208902,0.230736310419457,0.0094677109353784
"MAIN_8_CYCLES","Female","hypertension_f","Yes","SURVEY_WEIGHTED",5222,1471,5222,1459,89030981.7558849,20273572.9467267,0.313502984995819,0.327595670949879,0.21521886339453,0.220276747324778,0.03020069106737
"MAIN_8_CYCLES","Female","diabetes_f","No","UNWEIGHTED",5222,1471,5222,1324,,,0.876292608196093,0.877643504531722,0.108403873016981,0.107385383484999,0.00411265341799995
"MAIN_8_CYCLES","Female","diabetes_f","No","SURVEY_WEIGHTED",5222,1471,5222,1324,89030981.7558849,18414463.2790628,0.908718673077298,0.902226383185535,0.0829490462779324,0.0882139366694829,0.0221925894036384
"MAIN_8_CYCLES","Female","diabetes_f","Yes","UNWEIGHTED",5222,1471,5222,1324,,,0.123707391803907,0.122356495468278,0.108403873016981,0.107385383484999,0.00411265341800008
"MAIN_8_CYCLES","Female","diabetes_f","Yes","SURVEY_WEIGHTED",5222,1471,5222,1324,89030981.7558849,18414463.2790628,0.0912813269227017,0.0977736168144647,0.0829490462779325,0.0882139366694829,0.0221925894036383
"MAIN_8_CYCLES","Female","hyperlipidemia_f","No","UNWEIGHTED",5222,1471,5222,1329,,,0.663347376484106,0.674191121143717,0.22331763459576,0.219657453314695,0.0230411753431302
"MAIN_8_CYCLES","Female","hyperlipidemia_f","No","SURVEY_WEIGHTED",5222,1471,5222,1329,89030981.7558849,18440340.7191471,0.672111456184214,0.691555897500242,0.220377646650149,0.213306338132877,0.0417564697708405
"MAIN_8_CYCLES","Female","hyperlipidemia_f","Yes","UNWEIGHTED",5222,1471,5222,1329,,,0.336652623515894,0.325808878856283,0.22331763459576,0.219657453314695,0.0230411753431303
"MAIN_8_CYCLES","Female","hyperlipidemia_f","Yes","SURVEY_WEIGHTED",5222,1471,5222,1329,89030981.7558849,18440340.7191471,0.327888543815786,0.308444102499758,0.220377646650149,0.213306338132877,0.0417564697708408
"MAIN_8_CYCLES","Male","stroke","1","UNWEIGHTED",5306,1330,5306,1330,,,0.0352431209950999,0.0481203007518797,0.0340010434176246,0.0458047374074283,0.0644641974802917
"MAIN_8_CYCLES","Male","stroke","1","SURVEY_WEIGHTED",5306,1330,5306,1330,87277916.3416469,17906254.2142191,0.0231251872828074,0.0358128512289981,0.0225904129959425,0.0345302909158478,0.0750757863259196
"MAIN_8_CYCLES","Male","RIDAGEYR","CONTINUOUS","UNWEIGHTED",5306,1330,5306,1330,,,49.2663022992838,51.1345864661654,315.963188473348,350.44161702224,0.102350241342904
"MAIN_8_CYCLES","Male","RIDAGEYR","CONTINUOUS","SURVEY_WEIGHTED",5306,1330,5306,1330,87277916.3416469,17906254.2142191,46.0473700454133,47.9044977999517,271.343101336756,312.965634059808,0.108651465583367
"MAIN_8_CYCLES","Male","sex","Female","UNWEIGHTED",5306,1330,5306,1330,,,0,0,0,0,0
"MAIN_8_CYCLES","Male","sex","Female","SURVEY_WEIGHTED",5306,1330,5306,1330,87277916.3416469,17906254.2142191,0,0,0,0,0
"MAIN_8_CYCLES","Male","sex","Male","UNWEIGHTED",5306,1330,5306,1330,,,1,1,0,0,0
"MAIN_8_CYCLES","Male","sex","Male","SURVEY_WEIGHTED",5306,1330,5306,1330,87277916.3416469,17906254.2142191,1,1,0,1.11022302462516e-16,1.49011611938477e-08
"MAIN_8_CYCLES","Male","race_eth_f","Non-Hispanic White","UNWEIGHTED",5306,1330,5306,1330,,,0.452695062193743,0.370676691729323,0.247762242859146,0.233275481937928,0.16723861643404
"MAIN_8_CYCLES","Male","race_eth_f","Non-Hispanic White","SURVEY_WEIGHTED",5306,1330,5306,1330,87277916.3416469,17906254.2142191,0.69550022937607,0.599506432750328,0.211779660313904,0.240098469841305,0.201951696123845
"MAIN_8_CYCLES","Male","race_eth_f","Mexican American","UNWEIGHTED",5306,1330,5306,1330,,,0.154730493780626,0.17593984962406,0.130788968075029,0.144985018938323,0.0571170577178106
"MAIN_8_CYCLES","Male","race_eth_f","Mexican American","SURVEY_WEIGHTED",5306,1330,5306,1330,87277916.3416469,17906254.2142191,0.0861481780447055,0.11377443103338,0.0787266694642832,0.100829809876411,0.0922011720341757
"MAIN_8_CYCLES","Male","race_eth_f","Other Hispanic","UNWEIGHTED",5306,1330,5306,1330,,,0.0755748209574067,0.100751879699248,0.0698632673946626,0.0906009384363164,0.0888854970779613
"MAIN_8_CYCLES","Male","race_eth_f","Other Hispanic","SURVEY_WEIGHTED",5306,1330,5306,1330,87277916.3416469,17906254.2142191,0.0490853447909328,0.0750320275220326,0.046675973717688,0.0694022223679655,0.107701441020298
"MAIN_8_CYCLES","Male","race_eth_f","Non-Hispanic Black","UNWEIGHTED",5306,1330,5306,1330,,,0.216170373162458,0.219548872180451,0.169440742929261,0.171347164904743,0.00818458581662168
"MAIN_8_CYCLES","Male","race_eth_f","Non-Hispanic Black","SURVEY_WEIGHTED",5306,1330,5306,1330,87277916.3416469,17906254.2142191,0.101209946179585,0.122231860818975,0.0909664929739102,0.107291233019705,0.0667685901260938
"MAIN_8_CYCLES","Male","race_eth_f","Other/Multiracial","UNWEIGHTED",5306,1330,5306,1330,,,0.100829249905767,0.133082706766917,0.0906627122692074,0.115371699926508,0.100489661804945
"MAIN_8_CYCLES","Male","race_eth_f","Other/Multiracial","SURVEY_WEIGHTED",5306,1330,5306,1330,87277916.3416469,17906254.2142191,0.0680563016087067,0.0894552478752852,0.0634246414200514,0.0814530065028565,0.0795072427523537
"MAIN_8_CYCLES","Male","edu_f","College or above","UNWEIGHTED",5306,1330,5306,1323,,,0.512438748586506,0.436885865457294,0.249845277533602,0.246016606020925,0.151734967783368
"MAIN_8_CYCLES","Male","edu_f","College or above","SURVEY_WEIGHTED",5306,1330,5306,1323,87277916.3416469,17819263.6746878,0.597528508950855,0.519323115294171,0.240488189941823,0.249626617215328,0.157980248472517
"MAIN_8_CYCLES","Male","edu_f","High school graduate","UNWEIGHTED",5306,1330,5306,1323,,,0.240294006784772,0.228269085411943,0.182552797088092,0.176162310057138,0.0283937274712313
"MAIN_8_CYCLES","Male","edu_f","High school graduate","SURVEY_WEIGHTED",5306,1330,5306,1323,87277916.3416469,17819263.6746878,0.240533487155855,0.248544488034381,0.182677128712499,0.186770125502108,0.0186391264914015
"MAIN_8_CYCLES","Male","edu_f","Less than high school","UNWEIGHTED",5306,1330,5306,1323,,,0.247267244628722,0.334845049130763,0.186126154362442,0.22272384220338,0.193698854428164
"MAIN_8_CYCLES","Male","edu_f","Less than high school","SURVEY_WEIGHTED",5306,1330,5306,1323,87277916.3416469,17819263.6746878,0.16193800389329,0.232132396671448,0.135714086788347,0.178246947087018,0.177165659017998
"MAIN_8_CYCLES","Male","marital_f","Married/partnered","UNWEIGHTED",5306,1330,5306,1327,,,0.656615152657369,0.617935192162773,0.225471693958109,0.23609129044953,0.0805166196106326
"MAIN_8_CYCLES","Male","marital_f","Married/partnered","SURVEY_WEIGHTED",5306,1330,5306,1327,87277916.3416469,17878496.123563,0.677694508447332,0.640928894661698,0.218424661667661,0.230139046649432,0.0776327109045992
"MAIN_8_CYCLES","Male","marital_f","Never married","UNWEIGHTED",5306,1330,5306,1327,,,0.186392762909913,0.216277317256971,0.151650500844722,0.169501439297098,0.0745772743346186
"MAIN_8_CYCLES","Male","marital_f","Never married","SURVEY_WEIGHTED",5306,1330,5306,1327,87277916.3416469,17878496.123563,0.198658081907461,0.220283758678472,0.159193048400309,0.171758824340957,0.0531621190746526
"MAIN_8_CYCLES","Male","marital_f","Separated/divorced/widowed","UNWEIGHTED",5306,1330,5306,1327,,,0.156992084432718,0.165787490580256,0.132345569858188,0.138301998547358,0.0239094084817768
"MAIN_8_CYCLES","Male","marital_f","Separated/divorced/widowed","SURVEY_WEIGHTED",5306,1330,5306,1327,87277916.3416469,17878496.123563,0.123647409645207,0.13878734665983,0.108358727733238,0.119525419066954,0.0448520202329329
"MAIN_8_CYCLES","Male","pir","CONTINUOUS","UNWEIGHTED",5306,1330,5306,739,,,2.63073690162081,2.40094722598106,2.67496433906026,2.4616538440946,0.14338603896531
"MAIN_8_CYCLES","Male","pir","CONTINUOUS","SURVEY_WEIGHTED",5306,1330,5306,739,87277916.3416469,10335733.2288113,3.12444790243547,2.85076148033169,2.65520766318425,2.57259826799498,0.169281119068083
"MAIN_8_CYCLES","Male","bmi","CONTINUOUS","UNWEIGHTED",5306,1330,5306,1249,,,28.8255126272145,28.4149159327462,39.4858677955992,32.1253245321899,0.0686183062955417
"MAIN_8_CYCLES","Male","bmi","CONTINUOUS","SURVEY_WEIGHTED",5306,1330,5306,1249,87277916.3416469,16837330.1957501,28.9766630911592,28.5711740919661,38.5957339588579,32.670524145137,0.0679285111777515
"MAIN_8_CYCLES","Male","smoking_f","Never","UNWEIGHTED",5306,1330,5306,1325,,,0.465133810780249,0.431698113207547,0.248784348849293,0.245334852260591,0.0672681557262244
"MAIN_8_CYCLES","Male","smoking_f","Never","SURVEY_WEIGHTED",5306,1330,5306,1325,87277916.3416469,17878705.5332646,0.493124089944162,0.451861733563924,0.249952721860904,0.247682707304529,0.0827205431460079
"MAIN_8_CYCLES","Male","smoking_f","Ever","UNWEIGHTED",5306,1330,5306,1325,,,0.534866189219751,0.568301886792453,0.248784348849293,0.245334852260591,0.0672681557262244
"MAIN_8_CYCLES","Male","smoking_f","Ever","SURVEY_WEIGHTED",5306,1330,5306,1325,87277916.3416469,17878705.5332646,0.506875910055838,0.548138266436076,0.249952721860904,0.247682707304529,0.0827205431460076
"MAIN_8_CYCLES","Male","hypertension_f","No","UNWEIGHTED",5306,1330,5306,1313,,,0.649830380701093,0.641279512566641,0.227550857018965,0.230040099328932,0.0178766645413002
"MAIN_8_CYCLES","Male","hypertension_f","No","SURVEY_WEIGHTED",5306,1330,5306,1313,87277916.3416469,17747684.9000763,0.683098710138049,0.675559185566996,0.216474862345783,0.219178972363053,0.0161543016479372
"MAIN_8_CYCLES","Male","hypertension_f","Yes","UNWEIGHTED",5306,1330,5306,1313,,,0.350169619298907,0.358720487433359,0.227550857018965,0.230040099328932,0.0178766645413002
"MAIN_8_CYCLES","Male","hypertension_f","Yes","SURVEY_WEIGHTED",5306,1330,5306,1313,87277916.3416469,17747684.9000763,0.316901289861951,0.324440814433003,0.216474862345783,0.219178972363053,0.016154301647937
"MAIN_8_CYCLES","Male","diabetes_f","No","UNWEIGHTED",5306,1330,5306,1168,,,0.865435356200528,0.854452054794521,0.116457000438593,0.124363740851942,0.0316519852845242
"MAIN_8_CYCLES","Male","diabetes_f","No","SURVEY_WEIGHTED",5306,1330,5306,1168,87277916.3416469,15381750.544237,0.902559067757805,0.887848008326266,0.0879461969659672,0.0995739224373487,0.0480435413601527
"MAIN_8_CYCLES","Male","diabetes_f","Yes","UNWEIGHTED",5306,1330,5306,1168,,,0.134564643799472,0.145547945205479,0.116457000438593,0.124363740851942,0.0316519852845243
"MAIN_8_CYCLES","Male","diabetes_f","Yes","SURVEY_WEIGHTED",5306,1330,5306,1168,87277916.3416469,15381750.544237,0.0974409322421953,0.112151991673734,0.0879461969659672,0.0995739224373487,0.0480435413601526
"MAIN_8_CYCLES","Male","hyperlipidemia_f","No","UNWEIGHTED",5306,1330,5306,1180,,,0.668111571805503,0.658474576271186,0.221738499425083,0.224885808675668,0.0203932046438777
"MAIN_8_CYCLES","Male","hyperlipidemia_f","No","SURVEY_WEIGHTED",5306,1330,5306,1180,87277916.3416469,15970525.1480253,0.669614886986307,0.641492468778121,0.221230790112622,0.229979881279072,0.059207671137506
"MAIN_8_CYCLES","Male","hyperlipidemia_f","Yes","UNWEIGHTED",5306,1330,5306,1180,,,0.331888428194497,0.341525423728814,0.221738499425083,0.224885808675668,0.0203932046438777
"MAIN_8_CYCLES","Male","hyperlipidemia_f","Yes","SURVEY_WEIGHTED",5306,1330,5306,1180,87277916.3416469,15970525.1480253,0.330385113013693,0.358507531221879,0.221230790112622,0.229979881279072,0.059207671137506
"COMMON_7_CYCLES","OVERALL","stroke","1","UNWEIGHTED",9366,2507,9366,2507,,,0.037155669442665,0.0410849621061029,0.0357751256709324,0.039396987994843,0.0202675379221661
"COMMON_7_CYCLES","OVERALL","stroke","1","SURVEY_WEIGHTED",9366,2507,9366,2507,178407534.713918,38745293.8918274,0.0275447449706521,0.0316951501077216,0.0267860319951538,0.0306905675673706,0.0244827363945094
"COMMON_7_CYCLES","OVERALL","RIDAGEYR","CONTINUOUS","UNWEIGHTED",9366,2507,9366,2507,,,49.2831518257527,50.9601116872756,309.143308206952,331.134082669085,0.0937245971384987
"COMMON_7_CYCLES","OVERALL","RIDAGEYR","CONTINUOUS","SURVEY_WEIGHTED",9366,2507,9366,2507,178407534.713918,38745293.8918274,47.1287968789266,48.6485468917978,279.521008382126,310.461165340664,0.0884846034153567
"COMMON_7_CYCLES","OVERALL","sex","Female","UNWEIGHTED",9366,2507,9366,2507,,,0.49562246423233,0.52572796170722,0.249980837180603,0.249338071986392,0.0602520460505433
"COMMON_7_CYCLES","OVERALL","sex","Female","SURVEY_WEIGHTED",9366,2507,9366,2507,178407534.713918,38745293.8918274,0.504766129385457,0.532529614789006,0.249977284010681,0.248941824161679,0.055587086942194
"COMMON_7_CYCLES","OVERALL","sex","Male","UNWEIGHTED",9366,2507,9366,2507,,,0.50437753576767,0.47427203829278,0.249980837180603,0.249338071986392,0.0602520460505433
"COMMON_7_CYCLES","OVERALL","sex","Male","SURVEY_WEIGHTED",9366,2507,9366,2507,178407534.713918,38745293.8918274,0.495233870614543,0.467470385210994,0.249977284010681,0.248941824161679,0.0555870869421942
"COMMON_7_CYCLES","OVERALL","race_eth_f","Non-Hispanic White","UNWEIGHTED",9366,2507,9366,2507,,,0.436579115951313,0.336258476266454,0.245977791466483,0.223188713405417,0.207129420941313
"COMMON_7_CYCLES","OVERALL","race_eth_f","Non-Hispanic White","SURVEY_WEIGHTED",9366,2507,9366,2507,178407534.713918,38745293.8918274,0.688376301816588,0.581894069826743,0.214514368913906,0.243293361327213,0.222561778383472
"COMMON_7_CYCLES","OVERALL","race_eth_f","Mexican American","UNWEIGHTED",9366,2507,9366,2507,,,0.146380525304292,0.172317510969286,0.124953267115932,0.142624186382636,0.0709103684038401
"COMMON_7_CYCLES","OVERALL","race_eth_f","Mexican American","SURVEY_WEIGHTED",9366,2507,9366,2507,178407534.713918,38745293.8918274,0.0784017830062086,0.10397483720788,0.072254943427656,0.0931640704354751,0.0889211116097016
"COMMON_7_CYCLES","OVERALL","race_eth_f","Other Hispanic","UNWEIGHTED",9366,2507,9366,2507,,,0.0902199444800342,0.114080574391703,0.0820803060980537,0.101066196938162,0.0788492537043756
"COMMON_7_CYCLES","OVERALL","race_eth_f","Other Hispanic","SURVEY_WEIGHTED",9366,2507,9366,2507,178407534.713918,38745293.8918274,0.052669522217738,0.0771717648410594,0.0498954436470932,0.0712162835523756,0.0995698229604466
"COMMON_7_CYCLES","OVERALL","race_eth_f","Non-Hispanic Black","UNWEIGHTED",9366,2507,9366,2507,,,0.220051249199231,0.232947746310331,0.171628696925089,0.178683093799269,0.030814802285121
"COMMON_7_CYCLES","OVERALL","race_eth_f","Non-Hispanic Black","SURVEY_WEIGHTED",9366,2507,9366,2507,178407534.713918,38745293.8918274,0.108751766752103,0.13905349030386,0.0969248199803995,0.119717617138175,0.0920683930815772
"COMMON_7_CYCLES","OVERALL","race_eth_f","Other/Multiracial","UNWEIGHTED",9366,2507,9366,2507,,,0.106769165065129,0.144395692062226,0.0953695104564244,0.123545576176097,0.113729017067927
"COMMON_7_CYCLES","OVERALL","race_eth_f","Other/Multiracial","SURVEY_WEIGHTED",9366,2507,9366,2507,178407534.713918,38745293.8918274,0.0718006262073619,0.0979058378204568,0.0666452962835926,0.0883202847411312,0.0937831015424988
"COMMON_7_CYCLES","OVERALL","edu_f","College or above","UNWEIGHTED",9366,2507,9366,2492,,,0.535981208626949,0.455056179775281,0.248705352625744,0.247980053023608,0.162389207068184
"COMMON_7_CYCLES","OVERALL","edu_f","College or above","SURVEY_WEIGHTED",9366,2507,9366,2492,178407534.713918,38528604.6398362,0.618195397579021,0.53907034950902,0.236029847991137,0.248473507789243,0.160760959640857
"COMMON_7_CYCLES","OVERALL","edu_f","High school graduate","UNWEIGHTED",9366,2507,9366,2492,,,0.234998932308349,0.21669341894061,0.179774434122285,0.169737381128439,0.0437890960404449
"COMMON_7_CYCLES","OVERALL","edu_f","High school graduate","SURVEY_WEIGHTED",9366,2507,9366,2492,178407534.713918,38528604.6398362,0.234179429474682,0.234937382395998,0.179339424285595,0.179741808748914,0.00178879624721625
"COMMON_7_CYCLES","OVERALL","edu_f","Less than high school","UNWEIGHTED",9366,2507,9366,2492,,,0.229019859064702,0.328250401284109,0.176569763218686,0.22050207534093,0.222702872571044
"COMMON_7_CYCLES","OVERALL","edu_f","Less than high school","SURVEY_WEIGHTED",9366,2507,9366,2492,178407534.713918,38528604.6398362,0.147625172946297,0.225992268094982,0.125831981258873,0.174919762856268,0.202089928163459
"COMMON_7_CYCLES","OVERALL","marital_f","Married/partnered","UNWEIGHTED",9366,2507,9366,2499,,,0.600363015161221,0.573429371748699,0.239927265187748,0.244608127364591,0.054720159067843
"COMMON_7_CYCLES","OVERALL","marital_f","Married/partnered","SURVEY_WEIGHTED",9366,2507,9366,2499,178407534.713918,38595783.0727542,0.640323820982148,0.620305029637102,0.23030922526497,0.235526699844016,0.0414797721118304
"COMMON_7_CYCLES","OVERALL","marital_f","Never married","UNWEIGHTED",9366,2507,9366,2499,,,0.182895579756566,0.189675870348139,0.149444786662076,0.153698934555815,0.0174156230649743
"COMMON_7_CYCLES","OVERALL","marital_f","Never married","SURVEY_WEIGHTED",9366,2507,9366,2499,178407534.713918,38595783.0727542,0.180419471733105,0.183090004061791,0.147868285952652,0.149568054474444,0.00692493694201033
"COMMON_7_CYCLES","OVERALL","marital_f","Separated/divorced/widowed","UNWEIGHTED",9366,2507,9366,2499,,,0.216741405082212,0.236894757903161,0.169764568405201,0.180775631581164,0.0481385928156316
"COMMON_7_CYCLES","OVERALL","marital_f","Separated/divorced/widowed","SURVEY_WEIGHTED",9366,2507,9366,2499,178407534.713918,38595783.0727542,0.179256707284747,0.196604966301107,0.147123740178177,0.157951453526848,0.044418864030966
"COMMON_7_CYCLES","OVERALL","pir","CONTINUOUS","UNWEIGHTED",9366,2507,9366,1394,,,2.55672752509075,2.28715208034433,2.68091299505008,2.58192074210981,0.166182582311548
"COMMON_7_CYCLES","OVERALL","pir","CONTINUOUS","SURVEY_WEIGHTED",9366,2507,9366,1394,178407534.713918,22400911.9562091,3.05472301626425,2.75237210141581,2.70741433932433,2.81358490649172,0.181977393793778
"COMMON_7_CYCLES","OVERALL","bmi","CONTINUOUS","UNWEIGHTED",9366,2507,9366,2382,,,29.247133247918,29.0302770780856,49.8345481823499,45.6745907673786,0.0313808220276848
"COMMON_7_CYCLES","OVERALL","bmi","CONTINUOUS","SURVEY_WEIGHTED",9366,2507,9366,2382,178407534.713918,36967516.9068261,29.0185137684613,28.7858189973688,48.0085606595127,48.3296061005936,0.0335275974328737
"COMMON_7_CYCLES","OVERALL","smoking_f","Never","UNWEIGHTED",9366,2507,9366,2498,,,0.551035660901132,0.566453162530024,0.247395361316385,0.245583977189758,0.0310537921571253
"COMMON_7_CYCLES","OVERALL","smoking_f","Never","SURVEY_WEIGHTED",9366,2507,9366,2498,178407534.713918,38672343.7577972,0.556705793886123,0.547929762367782,0.246784452939745,0.247702737879368,0.0176496317730925
"COMMON_7_CYCLES","OVERALL","smoking_f","Ever","UNWEIGHTED",9366,2507,9366,2498,,,0.448964339098868,0.433546837469976,0.247395361316385,0.245583977189758,0.0310537921571254
"COMMON_7_CYCLES","OVERALL","smoking_f","Ever","SURVEY_WEIGHTED",9366,2507,9366,2498,178407534.713918,38672343.7577972,0.443294206113877,0.452070237632218,0.246784452939745,0.247702737879368,0.0176496317730923
"COMMON_7_CYCLES","OVERALL","hypertension_f","No","UNWEIGHTED",9366,2507,9366,2495,,,0.639760837070254,0.629258517034068,0.230466908421422,0.233292235774154,0.0218099165181641
"COMMON_7_CYCLES","OVERALL","hypertension_f","No","SURVEY_WEIGHTED",9366,2507,9366,2495,178407534.713918,38577438.1376839,0.682168357901934,0.66133941812275,0.216814689379313,0.223969592159813,0.0443679244413986
"COMMON_7_CYCLES","OVERALL","hypertension_f","Yes","UNWEIGHTED",9366,2507,9366,2495,,,0.360239162929746,0.370741482965932,0.230466908421422,0.233292235774154,0.021809916518164
"COMMON_7_CYCLES","OVERALL","hypertension_f","Yes","SURVEY_WEIGHTED",9366,2507,9366,2495,178407534.713918,38577438.1376839,0.317831642098066,0.33866058187725,0.216814689379313,0.223969592159813,0.0443679244413985
"COMMON_7_CYCLES","OVERALL","diabetes_f","No","UNWEIGHTED",9366,2507,9366,2220,,,0.868887465300021,0.863063063063063,0.113922037944526,0.118185212239266,0.0170970823925423
"COMMON_7_CYCLES","OVERALL","diabetes_f","No","SURVEY_WEIGHTED",9366,2507,9366,2220,178407534.713918,33865658.1174796,0.903598405603654,0.892619481904998,0.087108326994188,0.095849942428651,0.0362993411801068
"COMMON_7_CYCLES","OVERALL","diabetes_f","Yes","UNWEIGHTED",9366,2507,9366,2220,,,0.131112534699979,0.136936936936937,0.113922037944526,0.118185212239266,0.0170970823925421
"COMMON_7_CYCLES","OVERALL","diabetes_f","Yes","SURVEY_WEIGHTED",9366,2507,9366,2220,178407534.713918,33865658.1174796,0.0964015943963456,0.107380518095002,0.0871083269941881,0.0958499424286509,0.0362993411801062
"COMMON_7_CYCLES","OVERALL","hyperlipidemia_f","No","UNWEIGHTED",9366,2507,9366,2271,,,0.663890668374973,0.655217965653897,0.223139848819605,0.225907383138266,0.0183030491572017
"COMMON_7_CYCLES","OVERALL","hyperlipidemia_f","No","SURVEY_WEIGHTED",9366,2507,9366,2271,178407534.713918,35055589.6516494,0.668599170644412,0.655751036681179,0.221574319658017,0.225741614572738,0.027167387017963
"COMMON_7_CYCLES","OVERALL","hyperlipidemia_f","Yes","UNWEIGHTED",9366,2507,9366,2271,,,0.336109331625027,0.344782034346103,0.223139848819604,0.225907383138266,0.0183030491572017
"COMMON_7_CYCLES","OVERALL","hyperlipidemia_f","Yes","SURVEY_WEIGHTED",9366,2507,9366,2271,178407534.713918,35055589.6516494,0.331400829355589,0.344248963318821,0.221574319658017,0.225741614572738,0.0271673870179628
"COMMON_7_CYCLES","2005_2006","stroke","1","UNWEIGHTED",1128,248,1128,248,,,0.0372340425531915,0.0362903225806452,0.0358476686283386,0.0349733350676379,0.00501507122716809
"COMMON_7_CYCLES","2005_2006","stroke","1","SURVEY_WEIGHTED",1128,248,1128,248,24177109.3275997,4660085.56043001,0.0308658410303832,0.0290936471142984,0.0299131408878703,0.028247206811887,0.0103923255270708
"COMMON_7_CYCLES","2005_2006","RIDAGEYR","CONTINUOUS","UNWEIGHTED",1128,248,1128,248,,,48.7278368794326,52.0604838709677,321.250617499544,413.546934177876,0.173868321400918
"COMMON_7_CYCLES","2005_2006","RIDAGEYR","CONTINUOUS","SURVEY_WEIGHTED",1128,248,1128,248,24177109.3275997,4660085.56043001,46.3485657652111,48.7927921778562,259.610628558623,355.865215157207,0.139332017126769
"COMMON_7_CYCLES","2005_2006","sex","Female","UNWEIGHTED",1128,248,1128,248,,,0.476063829787234,0.491935483870968,0.249427059755545,0.249934963579605,0.03176357905794
"COMMON_7_CYCLES","2005_2006","sex","Female","SURVEY_WEIGHTED",1128,248,1128,248,24177109.3275997,4660085.56043001,0.499355799924528,0.533258587662601,0.249999585006263,0.248893866346689,0.0678807304108683
"COMMON_7_CYCLES","2005_2006","sex","Male","UNWEIGHTED",1128,248,1128,248,,,0.523936170212766,0.508064516129032,0.249427059755545,0.249934963579605,0.03176357905794
"COMMON_7_CYCLES","2005_2006","sex","Male","SURVEY_WEIGHTED",1128,248,1128,248,24177109.3275997,4660085.56043001,0.500644200075472,0.466741412337399,0.249999585006263,0.248893866346689,0.0678807304108684
"COMMON_7_CYCLES","2005_2006","race_eth_f","Non-Hispanic White","UNWEIGHTED",1128,248,1128,248,,,0.512411347517731,0.475806451612903,0.249845958452794,0.249414672216441,0.0732639809905693
"COMMON_7_CYCLES","2005_2006","race_eth_f","Non-Hispanic White","SURVEY_WEIGHTED",1128,248,1128,248,24177109.3275997,4660085.56043001,0.733221397038069,0.674850674348374,0.195607779963612,0.219427241679919,0.12813497711253
"COMMON_7_CYCLES","2005_2006","race_eth_f","Mexican American","UNWEIGHTED",1128,248,1128,248,,,0.181737588652482,0.189516129032258,0.148709037523263,0.153599765868887,0.0200072643906255
"COMMON_7_CYCLES","2005_2006","race_eth_f","Mexican American","SURVEY_WEIGHTED",1128,248,1128,248,24177109.3275997,4660085.56043001,0.0748896721448341,0.0807616837998319,0.0692812091508734,0.0742392342296479,0.021920225777754
"COMMON_7_CYCLES","2005_2006","race_eth_f","Other Hispanic","UNWEIGHTED",1128,248,1128,248,,,0.0310283687943262,0.0362903225806452,0.0300656091242895,0.0349733350676379,0.0291793280149872
"COMMON_7_CYCLES","2005_2006","race_eth_f","Other Hispanic","SURVEY_WEIGHTED",1128,248,1128,248,24177109.3275997,4660085.56043001,0.0315204713651805,0.036829427908471,0.0305269312500973,0.0354730211484057,0.0292248544629598
"COMMON_7_CYCLES","2005_2006","race_eth_f","Non-Hispanic Black","UNWEIGHTED",1128,248,1128,248,,,0.23936170212766,0.262096774193548,0.182067677682209,0.193402055150884,0.052471546716347
"COMMON_7_CYCLES","2005_2006","race_eth_f","Non-Hispanic Black","SURVEY_WEIGHTED",1128,248,1128,248,24177109.3275997,4660085.56043001,0.109716563152808,0.146856024591204,0.0976788389227443,0.125289332632472,0.11123185074076
"COMMON_7_CYCLES","2005_2006","race_eth_f","Other/Multiracial","UNWEIGHTED",1128,248,1128,248,,,0.0354609929078014,0.0362903225806452,0.0342035108897943,0.0349733350676379,0.00445925002862263
"COMMON_7_CYCLES","2005_2006","race_eth_f","Other/Multiracial","SURVEY_WEIGHTED",1128,248,1128,248,24177109.3275997,4660085.56043001,0.0506518962991083,0.0607021893521185,0.0480862817004127,0.0570174335599781,0.0438414277694179
"COMMON_7_CYCLES","2005_2006","edu_f","College or above","UNWEIGHTED",1128,248,1128,246,,,0.49822695035461,0.475609756097561,0.249996856294955,0.24940511600238,0.0452614642219999
"COMMON_7_CYCLES","2005_2006","edu_f","College or above","SURVEY_WEIGHTED",1128,248,1128,246,24177109.3275997,4625298.87622484,0.589498854533417,0.549931905787631,0.241989955037206,0.247506804784415,0.0799783881947327
"COMMON_7_CYCLES","2005_2006","edu_f","High school graduate","UNWEIGHTED",1128,248,1128,246,,,0.25,0.223577235772358,0.1875,0.173590455416749,0.0621849433266762
"COMMON_7_CYCLES","2005_2006","edu_f","High school graduate","SURVEY_WEIGHTED",1128,248,1128,246,24177109.3275997,4625298.87622484,0.248822726245475,0.256627828078107,0.186909977149244,0.19076998593402,0.0179610449186865
"COMMON_7_CYCLES","2005_2006","edu_f","Less than high school","UNWEIGHTED",1128,248,1128,246,,,0.25177304964539,0.300813008130081,0.18838338111765,0.210324542269813,0.109834217049418
"COMMON_7_CYCLES","2005_2006","edu_f","Less than high school","SURVEY_WEIGHTED",1128,248,1128,246,24177109.3275997,4625298.87622484,0.161678419221108,0.193440266134262,0.135538507979272,0.156021129572168,0.0831873031613352
"COMMON_7_CYCLES","2005_2006","marital_f","Married/partnered","UNWEIGHTED",1128,248,1128,246,,,0.634751773049645,0.524390243902439,0.231841959659977,0.24940511600238,0.224982457049677
"COMMON_7_CYCLES","2005_2006","marital_f","Married/partnered","SURVEY_WEIGHTED",1128,248,1128,246,24177109.3275997,4602879.54610835,0.679827452545278,0.572907911436108,0.217662087311076,0.244684436450025,0.222376190255578
"COMMON_7_CYCLES","2005_2006","marital_f","Never married","UNWEIGHTED",1128,248,1128,246,,,0.158687943262411,0.207317073170732,0.133506079925557,0.164336704342653,0.126013755684174
"COMMON_7_CYCLES","2005_2006","marital_f","Never married","SURVEY_WEIGHTED",1128,248,1128,246,24177109.3275997,4602879.54610835,0.140979874867038,0.209340816181524,0.121104549749512,0.165517238861978,0.180579493748333
"COMMON_7_CYCLES","2005_2006","marital_f","Separated/divorced/widowed","UNWEIGHTED",1128,248,1128,246,,,0.206560283687943,0.268292682926829,0.1638931328907,0.196311719214753,0.145463279539655
"COMMON_7_CYCLES","2005_2006","marital_f","Separated/divorced/widowed","SURVEY_WEIGHTED",1128,248,1128,246,24177109.3275997,4602879.54610835,0.179192672587685,0.217751272382368,0.147082658678568,0.170335655758228,0.09678772056244
"COMMON_7_CYCLES","2005_2006","pir","CONTINUOUS","UNWEIGHTED",1128,248,1128,171,,,2.79028368794326,2.59573099415205,2.54766451572303,2.62384578603371,0.120988348667013
"COMMON_7_CYCLES","2005_2006","pir","CONTINUOUS","SURVEY_WEIGHTED",1128,248,1128,171,24177109.3275997,3335727.64595803,3.18709733801939,3.00151645604887,2.44598323954443,2.72475472159716,0.115417580903267
"COMMON_7_CYCLES","2005_2006","bmi","CONTINUOUS","UNWEIGHTED",1128,248,1128,235,,,28.7042730496454,28.8442127659574,50.3133016893529,47.751940723768,0.0199847368429311
"COMMON_7_CYCLES","2005_2006","bmi","CONTINUOUS","SURVEY_WEIGHTED",1128,248,1128,235,24177109.3275997,4468268.33903582,28.4717756522702,28.8463291098022,49.1397309634409,55.6088915073012,0.0517552782831898
"COMMON_7_CYCLES","2005_2006","smoking_f","Never","UNWEIGHTED",1128,248,1128,246,,,0.519503546099291,0.532520325203252,0.249619611689553,0.248942428448675,0.0260710743591854
"COMMON_7_CYCLES","2005_2006","smoking_f","Never","SURVEY_WEIGHTED",1128,248,1128,246,24177109.3275997,4646778.79834524,0.495390759573059,0.522316095555029,0.249978754902687,0.249501991879179,0.0538786558966626
"COMMON_7_CYCLES","2005_2006","smoking_f","Ever","UNWEIGHTED",1128,248,1128,246,,,0.480496453900709,0.467479674796748,0.249619611689553,0.248942428448675,0.0260710743591854
"COMMON_7_CYCLES","2005_2006","smoking_f","Ever","SURVEY_WEIGHTED",1128,248,1128,246,24177109.3275997,4646778.79834524,0.504609240426941,0.477683904444971,0.249978754902687,0.249501991879179,0.0538786558966629
"COMMON_7_CYCLES","2005_2006","hypertension_f","No","UNWEIGHTED",1128,248,1128,246,,,0.654255319148936,0.646341463414634,0.22620529651426,0.228584176085663,0.0165957897926812
"COMMON_7_CYCLES","2005_2006","hypertension_f","No","SURVEY_WEIGHTED",1128,248,1128,246,24177109.3275997,4596913.92455939,0.688162440035812,0.698172934685329,0.214594896159769,0.210727487958204,0.0217075802819254
"COMMON_7_CYCLES","2005_2006","hypertension_f","Yes","UNWEIGHTED",1128,248,1128,246,,,0.345744680851064,0.353658536585366,0.22620529651426,0.228584176085663,0.0165957897926811
"COMMON_7_CYCLES","2005_2006","hypertension_f","Yes","SURVEY_WEIGHTED",1128,248,1128,246,24177109.3275997,4596913.92455939,0.311837559964188,0.301827065314671,0.214594896159769,0.210727487958204,0.0217075802819255
"COMMON_7_CYCLES","2005_2006","diabetes_f","No","UNWEIGHTED",1128,248,1128,218,,,0.906028368794326,0.848623853211009,0.0851409637342186,0.128461408972309,0.17565398947642
"COMMON_7_CYCLES","2005_2006","diabetes_f","No","SURVEY_WEIGHTED",1128,248,1128,218,24177109.3275997,3988835.31478558,0.933265782935852,0.858161850425016,0.0622807613369831,0.121720088900128,0.247609760780801
"COMMON_7_CYCLES","2005_2006","diabetes_f","Yes","UNWEIGHTED",1128,248,1128,218,,,0.0939716312056738,0.151376146788991,0.0851409637342186,0.128461408972309,0.17565398947642
"COMMON_7_CYCLES","2005_2006","diabetes_f","Yes","SURVEY_WEIGHTED",1128,248,1128,218,24177109.3275997,3988835.31478558,0.066734217064148,0.141838149574983,0.0622807613369832,0.121720088900128,0.2476097607808
"COMMON_7_CYCLES","2005_2006","hyperlipidemia_f","No","UNWEIGHTED",1128,248,1128,195,,,0.700354609929078,0.641025641025641,0.209858030280167,0.230111768573307,0.126494127996311
"COMMON_7_CYCLES","2005_2006","hyperlipidemia_f","No","SURVEY_WEIGHTED",1128,248,1128,195,24177109.3275997,3569069.04307401,0.693590028453102,0.615536163458103,0.212522900883527,0.236651394933382,0.164703171864573
"COMMON_7_CYCLES","2005_2006","hyperlipidemia_f","Yes","UNWEIGHTED",1128,248,1128,195,,,0.299645390070922,0.358974358974359,0.209858030280167,0.230111768573307,0.126494127996311
"COMMON_7_CYCLES","2005_2006","hyperlipidemia_f","Yes","SURVEY_WEIGHTED",1128,248,1128,195,24177109.3275997,3569069.04307401,0.306409971546898,0.384463836541897,0.212522900883527,0.236651394933382,0.164703171864572
"COMMON_7_CYCLES","2007_2008","stroke","1","UNWEIGHTED",1420,367,1420,367,,,0.0359154929577465,0.0408719346049046,0.0346255703233485,0.039201419566557,0.0257974877328924
"COMMON_7_CYCLES","2007_2008","stroke","1","SURVEY_WEIGHTED",1420,367,1420,367,23886212.7618216,5765551.24089607,0.0298637172180398,0.0320229008998002,0.0289718756119607,0.0309974347177618,0.0124692421812588
"COMMON_7_CYCLES","2007_2008","RIDAGEYR","CONTINUOUS","UNWEIGHTED",1420,367,1420,367,,,50.6478873239437,50.6920980926431,301.970361988705,335.87488274445,0.00247562809607854
"COMMON_7_CYCLES","2007_2008","RIDAGEYR","CONTINUOUS","SURVEY_WEIGHTED",1420,367,1420,367,23886212.7618216,5765551.24089607,46.7658458341983,47.2397746577186,266.275249087933,292.613894245996,0.0283507977423139
"COMMON_7_CYCLES","2007_2008","sex","Female","UNWEIGHTED",1420,367,1420,367,,,0.507042253521127,0.50408719346049,0.249950406665344,0.249983294849617,0.00591051199225412
"COMMON_7_CYCLES","2007_2008","sex","Female","SURVEY_WEIGHTED",1420,367,1420,367,23886212.7618216,5765551.24089607,0.520036493313408,0.475505133552907,0.249598538935702,0.249400001517739,0.089152046440073
"COMMON_7_CYCLES","2007_2008","sex","Male","UNWEIGHTED",1420,367,1420,367,,,0.492957746478873,0.49591280653951,0.249950406665344,0.249983294849617,0.00591051199225412
"COMMON_7_CYCLES","2007_2008","sex","Male","SURVEY_WEIGHTED",1420,367,1420,367,23886212.7618216,5765551.24089607,0.479963506686592,0.524494866447093,0.249598538935702,0.249400001517739,0.0891520464400731
"COMMON_7_CYCLES","2007_2008","race_eth_f","Non-Hispanic White","UNWEIGHTED",1420,367,1420,367,,,0.485915492957746,0.427792915531335,0.249801626661377,0.244786136952535,0.116879455255544
"COMMON_7_CYCLES","2007_2008","race_eth_f","Non-Hispanic White","SURVEY_WEIGHTED",1420,367,1420,367,23886212.7618216,5765551.24089607,0.714091846851783,0.673115185950748,0.204164681111593,0.220031132393238,0.0889750774275734
"COMMON_7_CYCLES","2007_2008","race_eth_f","Mexican American","UNWEIGHTED",1420,367,1420,367,,,0.178169014084507,0.185286103542234,0.146424816504662,0.150955163376371,0.0184570189730718
"COMMON_7_CYCLES","2007_2008","race_eth_f","Mexican American","SURVEY_WEIGHTED",1420,367,1420,367,23886212.7618216,5765551.24089607,0.0838423287460934,0.0837066929557453,0.0768127926565254,0.0766998825101579,0.000489572686406924
"COMMON_7_CYCLES","2007_2008","race_eth_f","Other Hispanic","UNWEIGHTED",1420,367,1420,367,,,0.0971830985915493,0.130790190735695,0.0877385439396945,0.113684116743015,0.105898978355766
"COMMON_7_CYCLES","2007_2008","race_eth_f","Other Hispanic","SURVEY_WEIGHTED",1420,367,1420,367,23886212.7618216,5765551.24089607,0.0412150351566326,0.0615849860997192,0.0395163560336701,0.0577922755868166,0.0923483835875467
"COMMON_7_CYCLES","2007_2008","race_eth_f","Non-Hispanic Black","UNWEIGHTED",1420,367,1420,367,,,0.207042253521127,0.204359673024523,0.16417575877802,0.162596797065833,0.00663658976793822
"COMMON_7_CYCLES","2007_2008","race_eth_f","Non-Hispanic Black","SURVEY_WEIGHTED",1420,367,1420,367,23886212.7618216,5765551.24089607,0.111857590933321,0.117864140228698,0.0993454702839145,0.103972184676848,0.0188387679869113
"COMMON_7_CYCLES","2007_2008","race_eth_f","Other/Multiracial","UNWEIGHTED",1420,367,1420,367,,,0.0316901408450704,0.0517711171662125,0.03068587581829,0.0490908685935748,0.100545275214023
"COMMON_7_CYCLES","2007_2008","race_eth_f","Other/Multiracial","SURVEY_WEIGHTED",1420,367,1420,367,23886212.7618216,5765551.24089607,0.0489931983121703,0.06372899476509,0.0465928648313147,0.0596676099913212,0.0639297101894575
"COMMON_7_CYCLES","2007_2008","edu_f","College or above","UNWEIGHTED",1420,367,1420,367,,,0.464788732394366,0.37874659400545,0.248760166633604,0.235297611534721,0.174895079656222
"COMMON_7_CYCLES","2007_2008","edu_f","College or above","SURVEY_WEIGHTED",1420,367,1420,367,23886212.7618216,5765551.24089607,0.553776918974471,0.491180967379375,0.247108042985613,0.249922224663636,0.125565354034578
"COMMON_7_CYCLES","2007_2008","edu_f","High school graduate","UNWEIGHTED",1420,367,1420,367,,,0.256338028169014,0.267029972752044,0.190628843483436,0.195724966404086,0.0243264702267224
"COMMON_7_CYCLES","2007_2008","edu_f","High school graduate","SURVEY_WEIGHTED",1420,367,1420,367,23886212.7618216,5765551.24089607,0.257651900052252,0.289377515753496,0.191267398451717,0.205638169129831,0.0712166370069531
"COMMON_7_CYCLES","2007_2008","edu_f","Less than high school","UNWEIGHTED",1420,367,1420,367,,,0.27887323943662,0.354223433242507,0.201102955762745,0.228749192584398,0.16253235224006
"COMMON_7_CYCLES","2007_2008","edu_f","Less than high school","SURVEY_WEIGHTED",1420,367,1420,367,23886212.7618216,5765551.24089607,0.188571180973277,0.219441516867129,0.15301209067962,0.171286937542183,0.0766625973464918
"COMMON_7_CYCLES","2007_2008","marital_f","Married/partnered","UNWEIGHTED",1420,367,1420,367,,,0.626056338028169,0.566757493188011,0.234109799642928,0.245543437103253,0.121087006110661
"COMMON_7_CYCLES","2007_2008","marital_f","Married/partnered","SURVEY_WEIGHTED",1420,367,1420,367,23886212.7618216,5765551.24089607,0.661231115831446,0.61337565616245,0.224004527287747,0.237145960589734,0.0996609800765748
"COMMON_7_CYCLES","2007_2008","marital_f","Never married","UNWEIGHTED",1420,367,1420,367,,,0.150704225352113,0.182561307901907,0.127992461813132,0.149232676759052,0.0855666824590603
"COMMON_7_CYCLES","2007_2008","marital_f","Never married","SURVEY_WEIGHTED",1420,367,1420,367,23886212.7618216,5765551.24089607,0.161592258783745,0.199306141046023,0.135480200684912,0.159583203187366,0.0981880340810251
"COMMON_7_CYCLES","2007_2008","marital_f","Separated/divorced/widowed","UNWEIGHTED",1420,367,1420,367,,,0.223239436619718,0.250681198910082,0.173403590557429,0.187840135423086,0.0645694131558935
"COMMON_7_CYCLES","2007_2008","marital_f","Separated/divorced/widowed","SURVEY_WEIGHTED",1420,367,1420,367,23886212.7618216,5765551.24089607,0.177176625384809,0.187318202791527,0.14578506880206,0.152230093694479,0.0262724955556023
"COMMON_7_CYCLES","2007_2008","pir","CONTINUOUS","UNWEIGHTED",1420,367,1420,215,,,2.6085,2.29627906976744,2.64637442212826,2.2562898282982,0.199416428988672
"COMMON_7_CYCLES","2007_2008","pir","CONTINUOUS","SURVEY_WEIGHTED",1420,367,1420,215,23886212.7618216,3656233.59023306,3.12662548374945,2.87251378055934,2.68956801629231,2.53158441393624,0.157273835651391
"COMMON_7_CYCLES","2007_2008","bmi","CONTINUOUS","UNWEIGHTED",1420,367,1420,349,,,29.416485915493,28.7651289398281,48.4647788334872,41.549819882752,0.0970906908916225
"COMMON_7_CYCLES","2007_2008","bmi","CONTINUOUS","SURVEY_WEIGHTED",1420,367,1420,349,23886212.7618216,5475226.46156131,28.9807200064079,27.9809641740037,47.7828191136293,41.5562964082189,0.149585025556535
"COMMON_7_CYCLES","2007_2008","smoking_f","Never","UNWEIGHTED",1420,367,1420,366,,,0.52112676056338,0.546448087431694,0.249553659988098,0.247842575173938,0.0507750325476229
"COMMON_7_CYCLES","2007_2008","smoking_f","Never","SURVEY_WEIGHTED",1420,367,1420,366,23886212.7618216,5756170.87324397,0.518827195479787,0.526543301459194,0.249645536710366,0.249295453147646,0.0154485808345946
"COMMON_7_CYCLES","2007_2008","smoking_f","Ever","UNWEIGHTED",1420,367,1420,366,,,0.47887323943662,0.453551912568306,0.249553659988098,0.247842575173938,0.0507750325476227
"COMMON_7_CYCLES","2007_2008","smoking_f","Ever","SURVEY_WEIGHTED",1420,367,1420,366,23886212.7618216,5756170.87324397,0.481172804520213,0.473456698540806,0.249645536710366,0.249295453147646,0.0154485808345945
"COMMON_7_CYCLES","2007_2008","hypertension_f","No","UNWEIGHTED",1420,367,1420,366,,,0.645774647887324,0.636612021857924,0.228749752033327,0.23133715548389,0.0191035914477793
"COMMON_7_CYCLES","2007_2008","hypertension_f","No","SURVEY_WEIGHTED",1420,367,1420,366,23886212.7618216,5754638.63456376,0.691387204441959,0.669374089451908,0.213370937975892,0.221312417822337,0.0472182616562012
"COMMON_7_CYCLES","2007_2008","hypertension_f","Yes","UNWEIGHTED",1420,367,1420,366,,,0.354225352112676,0.363387978142077,0.228749752033327,0.23133715548389,0.0191035914477793
"COMMON_7_CYCLES","2007_2008","hypertension_f","Yes","SURVEY_WEIGHTED",1420,367,1420,366,23886212.7618216,5754638.63456376,0.308612795558041,0.330625910548092,0.213370937975892,0.221312417822337,0.0472182616562013
"COMMON_7_CYCLES","2007_2008","diabetes_f","No","UNWEIGHTED",1420,367,1420,332,,,0.876760563380282,0.858433734939759,0.108051477881373,0.121525257657135,0.0540926644593085
"COMMON_7_CYCLES","2007_2008","diabetes_f","No","SURVEY_WEIGHTED",1420,367,1420,332,23886212.7618216,5196478.43154775,0.912258638200611,0.892325405815846,0.0800428152289775,0.0960807759514316,0.067171332185939
"COMMON_7_CYCLES","2007_2008","diabetes_f","Yes","UNWEIGHTED",1420,367,1420,332,,,0.123239436619718,0.141566265060241,0.108051477881373,0.121525257657135,0.0540926644593084
"COMMON_7_CYCLES","2007_2008","diabetes_f","Yes","SURVEY_WEIGHTED",1420,367,1420,332,23886212.7618216,5196478.43154775,0.0877413617993886,0.107674594184154,0.0800428152289774,0.0960807759514315,0.067171332185939
"COMMON_7_CYCLES","2007_2008","hyperlipidemia_f","No","UNWEIGHTED",1420,367,1420,291,,,0.656338028169014,0.656357388316151,0.225558420948225,0.225552367118952,4.07644929663189e-05
"COMMON_7_CYCLES","2007_2008","hyperlipidemia_f","No","SURVEY_WEIGHTED",1420,367,1420,291,23886212.7618216,4656664.88623644,0.665158192248928,0.692697120659203,0.222722771533066,0.212867819689653,0.0590096161601203
"COMMON_7_CYCLES","2007_2008","hyperlipidemia_f","Yes","UNWEIGHTED",1420,367,1420,291,,,0.343661971830986,0.343642611683849,0.225558420948225,0.225552367118952,4.07644929663189e-05
"COMMON_7_CYCLES","2007_2008","hyperlipidemia_f","Yes","SURVEY_WEIGHTED",1420,367,1420,291,23886212.7618216,4656664.88623644,0.334841807751072,0.307302879340797,0.222722771533066,0.212867819689653,0.0590096161601204
"COMMON_7_CYCLES","2009_2010","stroke","1","UNWEIGHTED",1431,453,1431,453,,,0.039832285115304,0.0463576158940397,0.0382456741777971,0.0442085873426604,0.0321374176081644
"COMMON_7_CYCLES","2009_2010","stroke","1","SURVEY_WEIGHTED",1431,453,1431,453,24078705.7037971,6477929.91424116,0.0252603631392766,0.0315939458002201,0.0246222771933485,0.0305957683889928,0.0381174575545407
"COMMON_7_CYCLES","2009_2010","RIDAGEYR","CONTINUOUS","UNWEIGHTED",1431,453,1431,453,,,48.8280922431866,49.7174392935982,307.335462022254,352.428832366329,0.0489656881881624
"COMMON_7_CYCLES","2009_2010","RIDAGEYR","CONTINUOUS","SURVEY_WEIGHTED",1431,453,1431,453,24078705.7037971,6477929.91424116,47.2440300957388,46.9803125796355,272.127276480222,325.314137981495,0.0152583057150881
"COMMON_7_CYCLES","2009_2010","sex","Female","UNWEIGHTED",1431,453,1431,453,,,0.483577917540182,0.516556291390728,0.249730315207683,0.249725889215385,0.0659926439717672
"COMMON_7_CYCLES","2009_2010","sex","Female","SURVEY_WEIGHTED",1431,453,1431,453,24078705.7037971,6477929.91424116,0.500698235130136,0.548624908884207,0.249999512467703,0.247635618236003,0.0960808354342459
"COMMON_7_CYCLES","2009_2010","sex","Male","UNWEIGHTED",1431,453,1431,453,,,0.516422082459818,0.483443708609272,0.249730315207683,0.249725889215385,0.0659926439717673
"COMMON_7_CYCLES","2009_2010","sex","Male","SURVEY_WEIGHTED",1431,453,1431,453,24078705.7037971,6477929.91424116,0.499301764869864,0.451375091115793,0.249999512467703,0.247635618236003,0.096080835434246
"COMMON_7_CYCLES","2009_2010","race_eth_f","Non-Hispanic White","UNWEIGHTED",1431,453,1431,453,,,0.516422082459818,0.419426048565121,0.249730315207683,0.24350783835017,0.19531726882282
"COMMON_7_CYCLES","2009_2010","race_eth_f","Non-Hispanic White","SURVEY_WEIGHTED",1431,453,1431,453,24078705.7037971,6477929.91424116,0.706200700884314,0.606111833989191,0.207481270954817,0.23874027868745,0.211897337795061
"COMMON_7_CYCLES","2009_2010","race_eth_f","Mexican American","UNWEIGHTED",1431,453,1431,453,,,0.163522012578616,0.216335540838852,0.136782563980855,0.169534474608813,0.13495053245178
"COMMON_7_CYCLES","2009_2010","race_eth_f","Mexican American","SURVEY_WEIGHTED",1431,453,1431,453,24078705.7037971,6477929.91424116,0.0744707407423722,0.11686773272353,0.0689248495156546,0.103209665771592,0.144516043238306
"COMMON_7_CYCLES","2009_2010","race_eth_f","Other Hispanic","UNWEIGHTED",1431,453,1431,453,,,0.090146750524109,0.125827814569536,0.0820203138940531,0.109995175650191,0.115155494044744
"COMMON_7_CYCLES","2009_2010","race_eth_f","Other Hispanic","SURVEY_WEIGHTED",1431,453,1431,453,24078705.7037971,6477929.91424116,0.0461300583202354,0.0728412162731587,0.0440020760396071,0.0675353734850056,0.113109050994579
"COMMON_7_CYCLES","2009_2010","race_eth_f","Non-Hispanic Black","UNWEIGHTED",1431,453,1431,453,,,0.175401816911251,0.185430463576159,0.144636019535483,0.15104600675409,0.0260822387029767
"COMMON_7_CYCLES","2009_2010","race_eth_f","Non-Hispanic Black","SURVEY_WEIGHTED",1431,453,1431,453,24078705.7037971,6477929.91424116,0.106912390829148,0.1342864356939,0.0954821315163436,0.116253588882528,0.0841311658301534
"COMMON_7_CYCLES","2009_2010","race_eth_f","Other/Multiracial","UNWEIGHTED",1431,453,1431,453,,,0.0545073375262055,0.0529801324503311,0.0515362876820098,0.0501732380158765,0.00677222754910184
"COMMON_7_CYCLES","2009_2010","race_eth_f","Other/Multiracial","SURVEY_WEIGHTED",1431,453,1431,453,24078705.7037971,6477929.91424116,0.0662861092239299,0.0698927813202199,0.0618922609478832,0.0650077804395438,0.0143182775221238
"COMMON_7_CYCLES","2009_2010","edu_f","College or above","UNWEIGHTED",1431,453,1431,449,,,0.50104821802935,0.400890868596882,0.249998901238963,0.240177380072519,0.20231201438165
"COMMON_7_CYCLES","2009_2010","edu_f","College or above","SURVEY_WEIGHTED",1431,453,1431,449,24078705.7037971,6384464.94640315,0.598103317225678,0.499850633992638,0.240375739149318,0.249999977689796,0.198424337709463
"COMMON_7_CYCLES","2009_2010","edu_f","High school graduate","UNWEIGHTED",1431,453,1431,449,,,0.241788958770091,0.233853006681514,0.183327058186966,0.17916577794753,0.0186407903042195
"COMMON_7_CYCLES","2009_2010","edu_f","High school graduate","SURVEY_WEIGHTED",1431,453,1431,449,24078705.7037971,6384464.94640315,0.228358043156446,0.25023598625296,0.176210647282204,0.187617937436968,0.0512947689253369
"COMMON_7_CYCLES","2009_2010","edu_f","Less than high school","UNWEIGHTED",1431,453,1431,449,,,0.257162823200559,0.365256124721604,0.191030105564077,0.23184408807496,0.235075943741729
"COMMON_7_CYCLES","2009_2010","edu_f","Less than high school","SURVEY_WEIGHTED",1431,453,1431,449,24078705.7037971,6384464.94640315,0.173538639617877,0.249913379754402,0.143422980177454,0.187456682374134,0.187771513276536
"COMMON_7_CYCLES","2009_2010","marital_f","Married/partnered","UNWEIGHTED",1431,453,1431,451,,,0.603074772886094,0.523281596452328,0.23937559119448,0.249457967266631,0.16139877921391
"COMMON_7_CYCLES","2009_2010","marital_f","Married/partnered","SURVEY_WEIGHTED",1431,453,1431,451,24078705.7037971,6408490.30902399,0.654161936742974,0.569135018569227,0.226234097259655,0.245220349207433,0.17512637897437
"COMMON_7_CYCLES","2009_2010","marital_f","Never married","UNWEIGHTED",1431,453,1431,451,,,0.173305380852551,0.212860310421286,0.143270625820103,0.16755079866864,0.100336775511167
"COMMON_7_CYCLES","2009_2010","marital_f","Never married","SURVEY_WEIGHTED",1431,453,1431,451,24078705.7037971,6408490.30902399,0.167130614156014,0.223816766195203,0.139197971967848,0.173722821365125,0.143309428402938
"COMMON_7_CYCLES","2009_2010","marital_f","Separated/divorced/widowed","UNWEIGHTED",1431,453,1431,451,,,0.223619846261356,0.263858093126386,0.173614010619403,0.194236999818093,0.0938248917256232
"COMMON_7_CYCLES","2009_2010","marital_f","Separated/divorced/widowed","SURVEY_WEIGHTED",1431,453,1431,451,24078705.7037971,6408490.30902399,0.178707449101012,0.20704821523557,0.146771096736821,0.164179251803335,0.0718755300092339
"COMMON_7_CYCLES","2009_2010","pir","CONTINUOUS","UNWEIGHTED",1431,453,1431,274,,,2.45802935010482,2.12967153284672,2.75913681312398,2.51334384775808,0.202234320503729
"COMMON_7_CYCLES","2009_2010","pir","CONTINUOUS","SURVEY_WEIGHTED",1431,453,1431,274,24078705.7037971,4211516.98341148,3.02774191840723,2.59019470700882,2.81410857822225,2.66243087668804,0.26441543783248
"COMMON_7_CYCLES","2009_2010","bmi","CONTINUOUS","UNWEIGHTED",1431,453,1431,437,,,29.1304122990915,28.729061784897,43.5278870326878,42.5330915489262,0.0611836922119636
"COMMON_7_CYCLES","2009_2010","bmi","CONTINUOUS","SURVEY_WEIGHTED",1431,453,1431,437,24078705.7037971,6249356.32751526,28.8263218257045,28.0200274056311,42.1961109543919,43.5580122654419,0.123134895646261
"COMMON_7_CYCLES","2009_2010","smoking_f","Never","UNWEIGHTED",1431,453,1431,453,,,0.526205450733753,0.498896247240618,0.249313274351841,0.249998781729846,0.0546560202053144
"COMMON_7_CYCLES","2009_2010","smoking_f","Never","SURVEY_WEIGHTED",1431,453,1431,453,24078705.7037971,6477929.91424116,0.567749825375255,0.496152372695485,0.245409961161623,0.249985195764126,0.1438588852487
"COMMON_7_CYCLES","2009_2010","smoking_f","Ever","UNWEIGHTED",1431,453,1431,453,,,0.473794549266247,0.501103752759382,0.249313274351841,0.249998781729846,0.0546560202053145
"COMMON_7_CYCLES","2009_2010","smoking_f","Ever","SURVEY_WEIGHTED",1431,453,1431,453,24078705.7037971,6477929.91424116,0.432250174624746,0.503847627304515,0.245409961161623,0.249985195764126,0.1438588852487
"COMMON_7_CYCLES","2009_2010","hypertension_f","No","UNWEIGHTED",1431,453,1431,451,,,0.648497554157932,0.665188470066519,0.227948476409112,0.222712769357083,0.0351617158917083
"COMMON_7_CYCLES","2009_2010","hypertension_f","No","SURVEY_WEIGHTED",1431,453,1431,451,24078705.7037971,6463983.03553069,0.692044063880281,0.727592439355419,0.213119077528346,0.19820168154825,0.0783870719500046
"COMMON_7_CYCLES","2009_2010","hypertension_f","Yes","UNWEIGHTED",1431,453,1431,451,,,0.351502445842068,0.334811529933481,0.227948476409112,0.222712769357083,0.0351617158917083
"COMMON_7_CYCLES","2009_2010","hypertension_f","Yes","SURVEY_WEIGHTED",1431,453,1431,451,24078705.7037971,6463983.03553069,0.307955936119719,0.272407560644581,0.213119077528346,0.19820168154825,0.0783870719500044
"COMMON_7_CYCLES","2009_2010","diabetes_f","No","UNWEIGHTED",1431,453,1431,416,,,0.876310272536688,0.894230769230769,0.108390578783364,0.0945821005917159,0.0562530724780454
"COMMON_7_CYCLES","2009_2010","diabetes_f","No","SURVEY_WEIGHTED",1431,453,1431,416,24078705.7037971,5927031.87820557,0.911152749851773,0.919542204848421,0.0809534162893254,0.0739843383509259,0.0301418648077359
"COMMON_7_CYCLES","2009_2010","diabetes_f","Yes","UNWEIGHTED",1431,453,1431,416,,,0.123689727463312,0.105769230769231,0.108390578783364,0.094582100591716,0.0562530724780452
"COMMON_7_CYCLES","2009_2010","diabetes_f","Yes","SURVEY_WEIGHTED",1431,453,1431,416,24078705.7037971,5927031.87820557,0.0888472501482272,0.0804577951515793,0.0809534162893255,0.0739843383509258,0.0301418648077367
"COMMON_7_CYCLES","2009_2010","hyperlipidemia_f","No","UNWEIGHTED",1431,453,1431,389,,,0.687631027253669,0.681233933161954,0.214794597611733,0.217154261470649,0.0137651697306563
"COMMON_7_CYCLES","2009_2010","hyperlipidemia_f","No","SURVEY_WEIGHTED",1431,453,1431,389,24078705.7037971,5444721.9095745,0.690630364966633,0.676256883233187,0.213660063952688,0.218933511112923,0.0309055834446482
"COMMON_7_CYCLES","2009_2010","hyperlipidemia_f","Yes","UNWEIGHTED",1431,453,1431,389,,,0.312368972746331,0.318766066838046,0.214794597611733,0.217154261470648,0.0137651697306562
"COMMON_7_CYCLES","2009_2010","hyperlipidemia_f","Yes","SURVEY_WEIGHTED",1431,453,1431,389,24078705.7037971,5444721.9095745,0.309369635033367,0.323743116766813,0.213660063952688,0.218933511112923,0.0309055834446482
"COMMON_7_CYCLES","2011_2012","stroke","1","UNWEIGHTED",1317,368,1317,368,,,0.0303720577069096,0.0407608695652174,0.0294495958175578,0.0390994210775047,0.0561151675196311
"COMMON_7_CYCLES","2011_2012","stroke","1","SURVEY_WEIGHTED",1317,368,1317,368,25603750.9471305,5408762.55916629,0.0155593089039345,0.0305135729843248,0.0153172168103665,0.0295824948480551,0.0998063716307492
"COMMON_7_CYCLES","2011_2012","RIDAGEYR","CONTINUOUS","UNWEIGHTED",1317,368,1317,368,,,48.1389521640091,49.320652173913,318.388732335856,301.313795758796,0.0671321572305269
"COMMON_7_CYCLES","2011_2012","RIDAGEYR","CONTINUOUS","SURVEY_WEIGHTED",1317,368,1317,368,25603750.9471305,5408762.55916629,46.9425485775561,47.8145653869852,284.994134037334,271.761294011952,0.0522645992375964
"COMMON_7_CYCLES","2011_2012","sex","Female","UNWEIGHTED",1317,368,1317,368,,,0.476841305998481,0.527173913043478,0.249463674892144,0.249261578449905,0.100793782625991
"COMMON_7_CYCLES","2011_2012","sex","Female","SURVEY_WEIGHTED",1317,368,1317,368,25603750.9471305,5408762.55916629,0.501079497432182,0.567753350246604,0.249998834685294,0.245409483530361,0.133964245557222
"COMMON_7_CYCLES","2011_2012","sex","Male","UNWEIGHTED",1317,368,1317,368,,,0.523158694001519,0.472826086956522,0.249463674892144,0.249261578449905,0.100793782625991
"COMMON_7_CYCLES","2011_2012","sex","Male","SURVEY_WEIGHTED",1317,368,1317,368,25603750.9471305,5408762.55916629,0.498920502567818,0.432246649753396,0.249998834685294,0.245409483530361,0.133964245557222
"COMMON_7_CYCLES","2011_2012","race_eth_f","Non-Hispanic White","UNWEIGHTED",1317,368,1317,368,,,0.391040242976462,0.263586956521739,0.238127771349371,0.194108872873346,0.274160728173803
"COMMON_7_CYCLES","2011_2012","race_eth_f","Non-Hispanic White","SURVEY_WEIGHTED",1317,368,1317,368,25603750.9471305,5408762.55916629,0.695643794797988,0.53189086883421,0.211723505557043,0.248982972484999,0.34118655371544
"COMMON_7_CYCLES","2011_2012","race_eth_f","Mexican American","UNWEIGHTED",1317,368,1317,368,,,0.082004555808656,0.116847826086957,0.0752798086352811,0.103194411625709,0.116639637421869
"COMMON_7_CYCLES","2011_2012","race_eth_f","Mexican American","SURVEY_WEIGHTED",1317,368,1317,368,25603750.9471305,5408762.55916629,0.0646362853284414,0.106136515511561,0.0604584359473817,0.0948715555866255,0.148914793672193
"COMMON_7_CYCLES","2011_2012","race_eth_f","Other Hispanic","UNWEIGHTED",1317,368,1317,368,,,0.104024297646166,0.103260869565217,0.0932032431453875,0.0925980623818525,0.0025047174857631
"COMMON_7_CYCLES","2011_2012","race_eth_f","Other Hispanic","SURVEY_WEIGHTED",1317,368,1317,368,25603750.9471305,5408762.55916629,0.0677675437226323,0.0943325993872958,0.0631751037404334,0.0854339600801317,0.0974547650845776
"COMMON_7_CYCLES","2011_2012","race_eth_f","Non-Hispanic Black","UNWEIGHTED",1317,368,1317,368,,,0.254365983295368,0.28804347826087,0.189663929837549,0.20507443289225,0.0758053941140188
"COMMON_7_CYCLES","2011_2012","race_eth_f","Non-Hispanic Black","SURVEY_WEIGHTED",1317,368,1317,368,25603750.9471305,5408762.55916629,0.105037511653438,0.162791765717675,0.0940046327990922,0.136290606732196,0.17019880108619
"COMMON_7_CYCLES","2011_2012","race_eth_f","Other/Multiracial","UNWEIGHTED",1317,368,1317,368,,,0.168564920273349,0.228260869565217,0.140150787926588,0.176157844990548,0.150108172638814
"COMMON_7_CYCLES","2011_2012","race_eth_f","Other/Multiracial","SURVEY_WEIGHTED",1317,368,1317,368,25603750.9471305,5408762.55916629,0.0669148644974997,0.104848250549258,0.0624372654067809,0.0938550949060179,0.135696214942918
"COMMON_7_CYCLES","2011_2012","edu_f","College or above","UNWEIGHTED",1317,368,1317,366,,,0.583902809415338,0.491803278688525,0.242960318572213,0.249932813759742,0.185522262356247
"COMMON_7_CYCLES","2011_2012","edu_f","College or above","SURVEY_WEIGHTED",1317,368,1317,366,25603750.9471305,5399042.76562141,0.652807897398731,0.561673951559309,0.226649746492579,0.24619632369906,0.187428349259452
"COMMON_7_CYCLES","2011_2012","edu_f","High school graduate","UNWEIGHTED",1317,368,1317,366,,,0.201974183750949,0.180327868852459,0.161180612849087,0.147809728567589,0.0550714508100356
"COMMON_7_CYCLES","2011_2012","edu_f","High school graduate","SURVEY_WEIGHTED",1317,368,1317,366,25603750.9471305,5399042.76562141,0.200991648533853,0.172739063987686,0.160594005753497,0.142900279760344,0.0725267007805042
"COMMON_7_CYCLES","2011_2012","edu_f","Less than high school","UNWEIGHTED",1317,368,1317,366,,,0.214123006833713,0.327868852459016,0.168274344778203,0.220370868046224,0.258032185175363
"COMMON_7_CYCLES","2011_2012","edu_f","Less than high school","SURVEY_WEIGHTED",1317,368,1317,366,25603750.9471305,5399042.76562141,0.146200454067417,0.265586984453004,0.124825881297898,0.195050538142164,0.298523974905316
"COMMON_7_CYCLES","2011_2012","marital_f","Married/partnered","UNWEIGHTED",1317,368,1317,366,,,0.55960516324981,0.60655737704918,0.246447224513963,0.238645525396399,0.0953363849685103
"COMMON_7_CYCLES","2011_2012","marital_f","Married/partnered","SURVEY_WEIGHTED",1317,368,1317,366,25603750.9471305,5397797.63085091,0.60379398954194,0.68095979201753,0.239226807734968,0.217253553672972,0.161520937132894
"COMMON_7_CYCLES","2011_2012","marital_f","Never married","UNWEIGHTED",1317,368,1317,366,,,0.233864844343204,0.188524590163934,0.179172078923533,0.152983069067455,0.111257284150516
"COMMON_7_CYCLES","2011_2012","marital_f","Never married","SURVEY_WEIGHTED",1317,368,1317,366,25603750.9471305,5397797.63085091,0.220220593755541,0.160805341062778,0.171723483841498,0.134946983348461,0.151731925439411
"COMMON_7_CYCLES","2011_2012","marital_f","Separated/divorced/widowed","UNWEIGHTED",1317,368,1317,366,,,0.206529992406986,0.204918032786885,0.163875354643356,0.162926632625638,0.00398773979107336
"COMMON_7_CYCLES","2011_2012","marital_f","Separated/divorced/widowed","SURVEY_WEIGHTED",1317,368,1317,366,25603750.9471305,5397797.63085091,0.175985416702518,0.158234866919692,0.145014549810559,0.1331965938106,0.0475926125885852
"COMMON_7_CYCLES","2011_2012","pir","CONTINUOUS","UNWEIGHTED",1317,368,1317,211,,,2.48863325740319,2.14843601895735,2.7810295895618,2.69208658993455,0.205649874192436
"COMMON_7_CYCLES","2011_2012","pir","CONTINUOUS","SURVEY_WEIGHTED",1317,368,1317,211,25603750.9471305,3196734.03626758,2.90178429291468,2.65550094727555,2.72300446773942,3.30442160057027,0.141867885722868
"COMMON_7_CYCLES","2011_2012","bmi","CONTINUOUS","UNWEIGHTED",1317,368,1317,340,,,28.7667425968109,28.2441176470588,48.6600937125686,41.6558650008676,0.0777719321209936
"COMMON_7_CYCLES","2011_2012","bmi","CONTINUOUS","SURVEY_WEIGHTED",1317,368,1317,340,25603750.9471305,5048875.59023794,28.7142459677509,27.8369399137425,45.4420694757105,39.5591444152891,0.13457164467551
"COMMON_7_CYCLES","2011_2012","smoking_f","Never","UNWEIGHTED",1317,368,1317,367,,,0.567198177676538,0.594005449591281,0.245484404916952,0.241162975447141,0.0543451037794256
"COMMON_7_CYCLES","2011_2012","smoking_f","Never","SURVEY_WEIGHTED",1317,368,1317,367,25603750.9471305,5401458.16155797,0.558501600289581,0.584674111688021,0.246577562763558,0.242830294809845,0.0529084363408896
"COMMON_7_CYCLES","2011_2012","smoking_f","Ever","UNWEIGHTED",1317,368,1317,367,,,0.432801822323462,0.405994550408719,0.245484404916952,0.241162975447141,0.0543451037794256
"COMMON_7_CYCLES","2011_2012","smoking_f","Ever","SURVEY_WEIGHTED",1317,368,1317,367,25603750.9471305,5401458.16155797,0.441498399710419,0.415325888311979,0.246577562763558,0.242830294809845,0.0529084363408895
"COMMON_7_CYCLES","2011_2012","hypertension_f","No","UNWEIGHTED",1317,368,1317,367,,,0.640091116173121,0.634877384196185,0.230374479169369,0.231808091232395,0.0108456832744886
"COMMON_7_CYCLES","2011_2012","hypertension_f","No","SURVEY_WEIGHTED",1317,368,1317,367,25603750.9471305,5403082.69748763,0.676887725850892,0.673869077112995,0.2187107324433,0.219769544023875,0.00644692393417427
"COMMON_7_CYCLES","2011_2012","hypertension_f","Yes","UNWEIGHTED",1317,368,1317,367,,,0.359908883826879,0.365122615803815,0.230374479169369,0.231808091232395,0.0108456832744887
"COMMON_7_CYCLES","2011_2012","hypertension_f","Yes","SURVEY_WEIGHTED",1317,368,1317,367,25603750.9471305,5403082.69748763,0.323112274149108,0.326130922887004,0.2187107324433,0.219769544023875,0.00644692393417415
"COMMON_7_CYCLES","2011_2012","diabetes_f","No","UNWEIGHTED",1317,368,1317,328,,,0.867881548974943,0.865853658536585,0.114663165923797,0.116151100535396,0.00596936535858839
"COMMON_7_CYCLES","2011_2012","diabetes_f","No","SURVEY_WEIGHTED",1317,368,1317,328,25603750.9471305,4841119.33162094,0.889238958490784,0.924123231997158,0.0984930331930097,0.0701194840802847,0.120143360304717
"COMMON_7_CYCLES","2011_2012","diabetes_f","Yes","UNWEIGHTED",1317,368,1317,328,,,0.132118451025057,0.134146341463415,0.114663165923797,0.116151100535396,0.0059693653585883
"COMMON_7_CYCLES","2011_2012","diabetes_f","Yes","SURVEY_WEIGHTED",1317,368,1317,328,25603750.9471305,4841119.33162094,0.110761041509216,0.0758767680028418,0.0984930331930097,0.0701194840802848,0.120143360304717
"COMMON_7_CYCLES","2011_2012","hyperlipidemia_f","No","UNWEIGHTED",1317,368,1317,357,,,0.643128321943812,0.697478991596639,0.229514283457549,0.211002047877975,0.11580808771127
"COMMON_7_CYCLES","2011_2012","hyperlipidemia_f","No","SURVEY_WEIGHTED",1317,368,1317,357,25603750.9471305,5307616.67750945,0.647326030492288,0.683969211315316,0.228295040739385,0.216155329288021,0.0777314067549624
"COMMON_7_CYCLES","2011_2012","hyperlipidemia_f","Yes","UNWEIGHTED",1317,368,1317,357,,,0.356871678056188,0.302521008403361,0.229514283457549,0.211002047877975,0.11580808771127
"COMMON_7_CYCLES","2011_2012","hyperlipidemia_f","Yes","SURVEY_WEIGHTED",1317,368,1317,357,25603750.9471305,5307616.67750945,0.352673969507712,0.316030788684684,0.228295040739385,0.216155329288021,0.0777314067549622
"COMMON_7_CYCLES","2013_2014","stroke","1","UNWEIGHTED",1427,360,1427,360,,,0.0350385423966363,0.0416666666666667,0.0338108429433554,0.0399305555555556,0.0345183442274033
"COMMON_7_CYCLES","2013_2014","stroke","1","SURVEY_WEIGHTED",1427,360,1427,360,26104204.9297411,5568469.54540557,0.0261837864047984,0.0303299038298706,0.0254981957343063,0.0294100007635414,0.0250229210756864
"COMMON_7_CYCLES","2013_2014","RIDAGEYR","CONTINUOUS","UNWEIGHTED",1427,360,1427,360,,,49.4512964260687,51.4638888888889,308.825641726235,294.84548901269,0.11584322411299
"COMMON_7_CYCLES","2013_2014","RIDAGEYR","CONTINUOUS","SURVEY_WEIGHTED",1427,360,1427,360,26104204.9297411,5568469.54540557,47.3512507774369,49.5351074950407,291.249613004536,277.445567691517,0.1295088255114
"COMMON_7_CYCLES","2013_2014","sex","Female","UNWEIGHTED",1427,360,1427,360,,,0.521373510861948,0.530555555555556,0.249543173033434,0.249066358024691,0.0183896774646793
"COMMON_7_CYCLES","2013_2014","sex","Female","SURVEY_WEIGHTED",1427,360,1427,360,26104204.9297411,5568469.54540557,0.505492303483345,0.526565037419402,0.249969834602447,0.249294298786906,0.0421765155893851
"COMMON_7_CYCLES","2013_2014","sex","Male","UNWEIGHTED",1427,360,1427,360,,,0.478626489138052,0.469444444444444,0.249543173033434,0.249066358024691,0.0183896774646793
"COMMON_7_CYCLES","2013_2014","sex","Male","SURVEY_WEIGHTED",1427,360,1427,360,26104204.9297411,5568469.54540557,0.494507696516655,0.473434962580598,0.249969834602447,0.249294298786906,0.042176515589385
"COMMON_7_CYCLES","2013_2014","race_eth_f","Non-Hispanic White","UNWEIGHTED",1427,360,1427,360,,,0.437281009110021,0.347222222222222,0.246066328181743,0.226658950617284,0.185240812460385
"COMMON_7_CYCLES","2013_2014","race_eth_f","Non-Hispanic White","SURVEY_WEIGHTED",1427,360,1427,360,26104204.9297411,5568469.54540557,0.670284585253843,0.600458194746355,0.221003160024927,0.239908151108303,0.145454079962609
"COMMON_7_CYCLES","2013_2014","race_eth_f","Mexican American","UNWEIGHTED",1427,360,1427,360,,,0.122634898388227,0.158333333333333,0.107595580085536,0.133263888888889,0.102868477516576
"COMMON_7_CYCLES","2013_2014","race_eth_f","Mexican American","SURVEY_WEIGHTED",1427,360,1427,360,26104204.9297411,5568469.54540557,0.0851418068914336,0.110780552892512,0.0778926796106954,0.0985082219933412,0.0863299277520909
"COMMON_7_CYCLES","2013_2014","race_eth_f","Other Hispanic","UNWEIGHTED",1427,360,1427,360,,,0.0925017519271198,0.0888888888888889,0.0839451778175334,0.0809876543209877,0.012580935551056
"COMMON_7_CYCLES","2013_2014","race_eth_f","Other Hispanic","SURVEY_WEIGHTED",1427,360,1427,360,26104204.9297411,5568469.54540557,0.0576780837848088,0.0569620511594854,0.0543513224357214,0.0537173758871896,0.00308033427691948
"COMMON_7_CYCLES","2013_2014","race_eth_f","Non-Hispanic Black","UNWEIGHTED",1427,360,1427,360,,,0.212333566923616,0.213888888888889,0.16724802328111,0.168140432098765,0.003798054991757
"COMMON_7_CYCLES","2013_2014","race_eth_f","Non-Hispanic Black","SURVEY_WEIGHTED",1427,360,1427,360,26104204.9297411,5568469.54540557,0.111214543040313,0.121295211878895,0.0988458684566477,0.106582683454149,0.0314538595604221
"COMMON_7_CYCLES","2013_2014","race_eth_f","Other/Multiracial","UNWEIGHTED",1427,360,1427,360,,,0.135248773651016,0.191666666666667,0.116956542876912,0.154930555555556,0.153016252248063
"COMMON_7_CYCLES","2013_2014","race_eth_f","Other/Multiracial","SURVEY_WEIGHTED",1427,360,1427,360,26104204.9297411,5568469.54540557,0.0756809810296016,0.110503989322753,0.0699533701399987,0.0982928576665097,0.120062841140216
"COMMON_7_CYCLES","2013_2014","edu_f","College or above","UNWEIGHTED",1427,360,1427,358,,,0.559915907498248,0.444134078212291,0.246410084028661,0.24687899878281,0.23313348334902
"COMMON_7_CYCLES","2013_2014","edu_f","College or above","SURVEY_WEIGHTED",1427,360,1427,358,26104204.9297411,5534293.45431986,0.62403457968146,0.518822086729978,0.234615423043244,0.249645729051129,0.213817128824719
"COMMON_7_CYCLES","2013_2014","edu_f","High school graduate","UNWEIGHTED",1427,360,1427,358,,,0.230553608969867,0.206703910614525,0.177398642360837,0.163977403951188,0.0577273160784605
"COMMON_7_CYCLES","2013_2014","edu_f","High school graduate","SURVEY_WEIGHTED",1427,360,1427,358,26104204.9297411,5534293.45431986,0.222328929229574,0.211523520759631,0.172898776457205,0.166781320925081,0.0262193026135813
"COMMON_7_CYCLES","2013_2014","edu_f","Less than high school","UNWEIGHTED",1427,360,1427,358,,,0.209530483531885,0.349162011173184,0.16562746000278,0.227247901126681,0.315043911326377
"COMMON_7_CYCLES","2013_2014","edu_f","Less than high school","SURVEY_WEIGHTED",1427,360,1427,358,26104204.9297411,5534293.45431986,0.153636491088966,0.269654392510391,0.130032319694836,0.196940901110243,0.286935254025389
"COMMON_7_CYCLES","2013_2014","marital_f","Married/partnered","UNWEIGHTED",1427,360,1427,359,,,0.593552908199019,0.629526462395543,0.241247853367506,0.233222895539296,0.0738573335684857
"COMMON_7_CYCLES","2013_2014","marital_f","Married/partnered","SURVEY_WEIGHTED",1427,360,1427,359,26104204.9297411,5563547.66420343,0.631881455710761,0.664696162333611,0.232607281639611,0.222875174112581,0.0687618728455143
"COMMON_7_CYCLES","2013_2014","marital_f","Never married","UNWEIGHTED",1427,360,1427,359,,,0.178696566222845,0.153203342618384,0.146764103443009,0.129732078428938,0.0685638480576026
"COMMON_7_CYCLES","2013_2014","marital_f","Never married","SURVEY_WEIGHTED",1427,360,1427,359,26104204.9297411,5563547.66420343,0.177638576158016,0.139842486795024,0.146083112418569,0.120286565682008,0.103566541111429
"COMMON_7_CYCLES","2013_2014","marital_f","Separated/divorced/widowed","UNWEIGHTED",1427,360,1427,359,,,0.227750525578136,0.217270194986072,0.175880223677019,0.170063857356786,0.0251992159255282
"COMMON_7_CYCLES","2013_2014","marital_f","Separated/divorced/widowed","SURVEY_WEIGHTED",1427,360,1427,359,26104204.9297411,5563547.66420343,0.190479968131223,0.195461350871365,0.154197349871951,0.157256211186906,0.0126231650018599
"COMMON_7_CYCLES","2013_2014","pir","CONTINUOUS","UNWEIGHTED",1427,360,1427,204,,,2.54086194814296,2.25539215686275,2.73339750336871,2.75483580604656,0.172329200308519
"COMMON_7_CYCLES","2013_2014","pir","CONTINUOUS","SURVEY_WEIGHTED",1427,360,1427,204,26104204.9297411,3099917.33094286,2.918444637588,2.60325624799388,2.75954867684252,2.86389816479166,0.187967996335546
"COMMON_7_CYCLES","2013_2014","bmi","CONTINUOUS","UNWEIGHTED",1427,360,1427,342,,,29.1191310441486,28.8076023391813,49.2447178979627,44.9739596302584,0.0453883678042124
"COMMON_7_CYCLES","2013_2014","bmi","CONTINUOUS","SURVEY_WEIGHTED",1427,360,1427,342,26104204.9297411,5242423.48206171,29.18930076658,29.6217937332027,49.1628961629675,46.3747590469611,0.0625758500543224
"COMMON_7_CYCLES","2013_2014","smoking_f","Never","UNWEIGHTED",1427,360,1427,358,,,0.564821303433777,0.575418994413408,0.245798198621146,0.24431197528167,0.0214081623982533
"COMMON_7_CYCLES","2013_2014","smoking_f","Never","SURVEY_WEIGHTED",1427,360,1427,358,26104204.9297411,5550155.80655886,0.569716556455316,0.563113827467364,0.245139601756013,0.24601664478242,0.0133238162222702
"COMMON_7_CYCLES","2013_2014","smoking_f","Ever","UNWEIGHTED",1427,360,1427,358,,,0.435178696566223,0.424581005586592,0.245798198621146,0.24431197528167,0.0214081623982532
"COMMON_7_CYCLES","2013_2014","smoking_f","Ever","SURVEY_WEIGHTED",1427,360,1427,358,26104204.9297411,5550155.80655886,0.430283443544684,0.436886172532636,0.245139601756013,0.24601664478242,0.0133238162222704
"COMMON_7_CYCLES","2013_2014","hypertension_f","No","UNWEIGHTED",1427,360,1427,359,,,0.620882971268395,0.590529247910863,0.235387307257324,0.241804455272693,0.0621413237476479
"COMMON_7_CYCLES","2013_2014","hypertension_f","No","SURVEY_WEIGHTED",1427,360,1427,359,26104204.9297411,5562364.81023743,0.64659755487296,0.570536127387074,0.22850915690527,0.245024654733234,0.15631619407745
"COMMON_7_CYCLES","2013_2014","hypertension_f","Yes","UNWEIGHTED",1427,360,1427,359,,,0.379117028731605,0.409470752089136,0.235387307257324,0.241804455272693,0.0621413237476479
"COMMON_7_CYCLES","2013_2014","hypertension_f","Yes","SURVEY_WEIGHTED",1427,360,1427,359,26104204.9297411,5562364.81023743,0.35340244512704,0.429463872612926,0.22850915690527,0.245024654733234,0.15631619407745
"COMMON_7_CYCLES","2013_2014","diabetes_f","No","UNWEIGHTED",1427,360,1427,306,,,0.855641205325858,0.856209150326797,0.123519333074371,0.123115041223461,0.00161731448520163
"COMMON_7_CYCLES","2013_2014","diabetes_f","No","SURVEY_WEIGHTED",1427,360,1427,306,26104204.9297411,4631300.99168343,0.887070681926522,0.880678871400702,0.100176287192938,0.105083596869088,0.019952019049639
"COMMON_7_CYCLES","2013_2014","diabetes_f","Yes","UNWEIGHTED",1427,360,1427,306,,,0.144358794674142,0.143790849673203,0.123519333074371,0.123115041223461,0.00161731448520171
"COMMON_7_CYCLES","2013_2014","diabetes_f","Yes","SURVEY_WEIGHTED",1427,360,1427,306,26104204.9297411,4631300.99168343,0.112929318073478,0.119321128599298,0.100176287192938,0.105083596869088,0.0199520190496391
"COMMON_7_CYCLES","2013_2014","hyperlipidemia_f","No","UNWEIGHTED",1427,360,1427,350,,,0.647512263489839,0.597142857142857,0.228240132120104,0.240563265306122,0.104036672893589
"COMMON_7_CYCLES","2013_2014","hyperlipidemia_f","No","SURVEY_WEIGHTED",1427,360,1427,350,26104204.9297411,5443283.53357957,0.648780224574426,0.59739628617351,0.227864444775584,0.240513963439608,0.106180301221137
"COMMON_7_CYCLES","2013_2014","hyperlipidemia_f","Yes","UNWEIGHTED",1427,360,1427,350,,,0.352487736510161,0.402857142857143,0.228240132120104,0.240563265306122,0.104036672893589
"COMMON_7_CYCLES","2013_2014","hyperlipidemia_f","Yes","SURVEY_WEIGHTED",1427,360,1427,350,26104204.9297411,5443283.53357957,0.351219775425574,0.40260371382649,0.227864444775584,0.240513963439608,0.106180301221137
"COMMON_7_CYCLES","2015_2016","stroke","1","UNWEIGHTED",1324,345,1324,345,,,0.0347432024169184,0.0318840579710145,0.0335361123027355,0.0308674648183155,0.0159329465686154
"COMMON_7_CYCLES","2015_2016","stroke","1","SURVEY_WEIGHTED",1324,345,1324,345,27091307.3220674,5334702.81454114,0.0285781611659011,0.0201900963134626,0.0277614498702769,0.0197824563243157,0.0544038140074118
"COMMON_7_CYCLES","2015_2016","RIDAGEYR","CONTINUOUS","UNWEIGHTED",1324,345,1324,345,,,48.833081570997,50.6492753623188,297.783908561746,329.158611391978,0.102580148147354
"COMMON_7_CYCLES","2015_2016","RIDAGEYR","CONTINUOUS","SURVEY_WEIGHTED",1324,345,1324,345,27091307.3220674,5334702.81454114,47.6018126863004,49.6612082286688,282.339527454964,329.684070896306,0.117725537563973
"COMMON_7_CYCLES","2015_2016","sex","Female","UNWEIGHTED",1324,345,1324,345,,,0.508308157099698,0.565217391304348,0.249930974525607,0.245746691871456,0.114313642584739
"COMMON_7_CYCLES","2015_2016","sex","Female","SURVEY_WEIGHTED",1324,345,1324,345,27091307.3220674,5334702.81454114,0.504179093817466,0.53642300491284,0.249982535174865,0.248673364713119,0.0645746754282279
"COMMON_7_CYCLES","2015_2016","sex","Male","UNWEIGHTED",1324,345,1324,345,,,0.491691842900302,0.434782608695652,0.249930974525607,0.245746691871456,0.114313642584739
"COMMON_7_CYCLES","2015_2016","sex","Male","SURVEY_WEIGHTED",1324,345,1324,345,27091307.3220674,5334702.81454114,0.495820906182534,0.46357699508716,0.249982535174865,0.248673364713119,0.0645746754282277
"COMMON_7_CYCLES","2015_2016","race_eth_f","Non-Hispanic White","UNWEIGHTED",1324,345,1324,345,,,0.334592145015106,0.214492753623188,0.222640241509296,0.168485612266331,0.271579848901973
"COMMON_7_CYCLES","2015_2016","race_eth_f","Non-Hispanic White","SURVEY_WEIGHTED",1324,345,1324,345,27091307.3220674,5334702.81454114,0.659819646769998,0.494117419260538,0.224457680506313,0.249965395243844,0.340220471451089
"COMMON_7_CYCLES","2015_2016","race_eth_f","Mexican American","UNWEIGHTED",1324,345,1324,345,,,0.169184290030211,0.171014492753623,0.140560966037185,0.141768536021844,0.00487120115481954
"COMMON_7_CYCLES","2015_2016","race_eth_f","Mexican American","SURVEY_WEIGHTED",1324,345,1324,345,27091307.3220674,5334702.81454114,0.0808539185349493,0.112732668129226,0.0743165623924931,0.100024013665692,0.107973464813122
"COMMON_7_CYCLES","2015_2016","race_eth_f","Other Hispanic","UNWEIGHTED",1324,345,1324,345,,,0.123111782477341,0.168115942028985,0.107955271492593,0.139852972064692,0.127852663169218
"COMMON_7_CYCLES","2015_2016","race_eth_f","Other Hispanic","SURVEY_WEIGHTED",1324,345,1324,345,27091307.3220674,5334702.81454114,0.0579466626000672,0.110266774208495,0.0545888468935812,0.0981080127141474,0.189351437670763
"COMMON_7_CYCLES","2015_2016","race_eth_f","Non-Hispanic Black","UNWEIGHTED",1324,345,1324,345,,,0.235649546827795,0.226086956521739,0.18011883790765,0.174971644612476,0.0226945215506991
"COMMON_7_CYCLES","2015_2016","race_eth_f","Non-Hispanic Black","SURVEY_WEIGHTED",1324,345,1324,345,27091307.3220674,5334702.81454114,0.109711579961326,0.13386458132693,0.0976749491837156,0.115944855193095,0.0739035579559616
"COMMON_7_CYCLES","2015_2016","race_eth_f","Other/Multiracial","UNWEIGHTED",1324,345,1324,345,,,0.137462235649547,0.220289855072464,0.118566369419775,0.171762234824617,0.21739285395725
"COMMON_7_CYCLES","2015_2016","race_eth_f","Other/Multiracial","SURVEY_WEIGHTED",1324,345,1324,345,27091307.3220674,5334702.81454114,0.0916681921336592,0.149018557074812,0.0832651346846058,0.126812026722153,0.176954561951469
"COMMON_7_CYCLES","2015_2016","edu_f","College or above","UNWEIGHTED",1324,345,1324,343,,,0.566465256797583,0.518950437317784,0.245582369638831,0.249640880925465,0.095486850330731
"COMMON_7_CYCLES","2015_2016","edu_f","College or above","SURVEY_WEIGHTED",1324,345,1324,343,27091307.3220674,5324624.03768557,0.663933538280176,0.629849102116116,0.223125795026942,0.233139210679639,0.0713612636065754
"COMMON_7_CYCLES","2015_2016","edu_f","High school graduate","UNWEIGHTED",1324,345,1324,343,,,0.226586102719033,0.189504373177843,0.175244840773633,0.153592465724316,0.0914501534883831
"COMMON_7_CYCLES","2015_2016","edu_f","High school graduate","SURVEY_WEIGHTED",1324,345,1324,343,27091307.3220674,5324624.03768557,0.213578408699152,0.166629111201907,0.16796267203669,0.13886385050197,0.119866451056026
"COMMON_7_CYCLES","2015_2016","edu_f","Less than high school","UNWEIGHTED",1324,345,1324,343,,,0.206948640483384,0.291545189504373,0.164120900685463,0.206546591981232,0.196505809657347
"COMMON_7_CYCLES","2015_2016","edu_f","Less than high school","SURVEY_WEIGHTED",1324,345,1324,343,27091307.3220674,5324624.03768557,0.122488053020672,0.203521786681977,0.107484729887877,0.162100669027753,0.220715414185284
"COMMON_7_CYCLES","2015_2016","marital_f","Married/partnered","UNWEIGHTED",1324,345,1324,345,,,0.600453172205438,0.539130434782609,0.239909160193865,0.248468809073724,0.124096204526757
"COMMON_7_CYCLES","2015_2016","marital_f","Married/partnered","SURVEY_WEIGHTED",1324,345,1324,345,27091307.3220674,5334702.81454114,0.653743006662573,0.557093042408007,0.226363087902352,0.246740384508597,0.198718649837749
"COMMON_7_CYCLES","2015_2016","marital_f","Never married","UNWEIGHTED",1324,345,1324,345,,,0.200151057401813,0.208695652173913,0.160090611622749,0.165141776937618,0.0211889567542249
"COMMON_7_CYCLES","2015_2016","marital_f","Never married","SURVEY_WEIGHTED",1324,345,1324,345,27091307.3220674,5334702.81454114,0.176391890627702,0.194773731159129,0.145277791548487,0.15683692480948,0.0472953072945042
"COMMON_7_CYCLES","2015_2016","marital_f","Separated/divorced/widowed","UNWEIGHTED",1324,345,1324,345,,,0.199395770392749,0.252173913043478,0.159637097142231,0.188582230623819,0.126486059827442
"COMMON_7_CYCLES","2015_2016","marital_f","Separated/divorced/widowed","SURVEY_WEIGHTED",1324,345,1324,345,27091307.3220674,5334702.81454114,0.169865102709725,0.248133226432863,0.14101094959114,0.186563128372881,0.193394962295783
"COMMON_7_CYCLES","2015_2016","pir","CONTINUOUS","UNWEIGHTED",1324,345,1324,180,,,2.46592145015106,2.38183333333333,2.60614253653123,2.68469997206704,0.0516996028798839
"COMMON_7_CYCLES","2015_2016","pir","CONTINUOUS","SURVEY_WEIGHTED",1324,345,1324,180,27091307.3220674,2840963.59341071,3.08547489381568,2.77439273983314,2.7223637197091,2.66020217435691,0.189624923086527
"COMMON_7_CYCLES","2015_2016","bmi","CONTINUOUS","UNWEIGHTED",1324,345,1324,332,,,29.7163897280967,29.9012048192771,49.6904265630388,46.2390921996142,0.0266855584552224
"COMMON_7_CYCLES","2015_2016","bmi","CONTINUOUS","SURVEY_WEIGHTED",1324,345,1324,332,27091307.3220674,5180140.08468943,29.2811492217152,29.7046407101275,48.8128256183616,43.0037998157355,0.0625027348185802
"COMMON_7_CYCLES","2015_2016","smoking_f","Never","UNWEIGHTED",1324,345,1324,342,,,0.574018126888218,0.634502923976608,0.24452131689196,0.231908963441743,0.123925747695104
"COMMON_7_CYCLES","2015_2016","smoking_f","Never","SURVEY_WEIGHTED",1324,345,1324,342,27091307.3220674,5310057.94670286,0.559510529354681,0.577493308753668,0.246458496895926,0.243994787098409,0.0363139081764976
"COMMON_7_CYCLES","2015_2016","smoking_f","Ever","UNWEIGHTED",1324,345,1324,342,,,0.425981873111782,0.365497076023392,0.24452131689196,0.231908963441743,0.123925747695104
"COMMON_7_CYCLES","2015_2016","smoking_f","Ever","SURVEY_WEIGHTED",1324,345,1324,342,27091307.3220674,5310057.94670286,0.440489470645319,0.422506691246332,0.246458496895926,0.243994787098409,0.0363139081764977
"COMMON_7_CYCLES","2015_2016","hypertension_f","No","UNWEIGHTED",1324,345,1324,345,,,0.626132930513595,0.631884057971015,0.234090483840053,0.232606595253098,0.0119055770234165
"COMMON_7_CYCLES","2015_2016","hypertension_f","No","SURVEY_WEIGHTED",1324,345,1324,345,27091307.3220674,5334702.81454114,0.676403327790627,0.637257778638653,0.218881865944392,0.231160302203183,0.0825221973558979
"COMMON_7_CYCLES","2015_2016","hypertension_f","Yes","UNWEIGHTED",1324,345,1324,345,,,0.373867069486405,0.368115942028986,0.234090483840053,0.232606595253098,0.0119055770234165
"COMMON_7_CYCLES","2015_2016","hypertension_f","Yes","SURVEY_WEIGHTED",1324,345,1324,345,27091307.3220674,5334702.81454114,0.323596672209373,0.362742221361347,0.218881865944392,0.231160302203183,0.0825221973558981
"COMMON_7_CYCLES","2015_2016","diabetes_f","No","UNWEIGHTED",1324,345,1324,305,,,0.854984894259819,0.875409836065574,0.123985724847345,0.109067454985219,0.0598340374867491
"COMMON_7_CYCLES","2015_2016","diabetes_f","No","SURVEY_WEIGHTED",1324,345,1324,305,27091307.3220674,4526877.39981457,0.904486340478431,0.910518281663895,0.086390800366367,0.0814747404197228,0.0208205078805041
"COMMON_7_CYCLES","2015_2016","diabetes_f","Yes","UNWEIGHTED",1324,345,1324,305,,,0.145015105740181,0.124590163934426,0.123985724847345,0.109067454985219,0.0598340374867491
"COMMON_7_CYCLES","2015_2016","diabetes_f","Yes","SURVEY_WEIGHTED",1324,345,1324,305,27091307.3220674,4526877.39981457,0.0955136595215692,0.0894817183361047,0.0863908003663669,0.0814747404197228,0.020820507880504
"COMMON_7_CYCLES","2015_2016","hyperlipidemia_f","No","UNWEIGHTED",1324,345,1324,334,,,0.664652567975831,0.643712574850299,0.222889531858964,0.229346695829897,0.0440361008531898
"COMMON_7_CYCLES","2015_2016","hyperlipidemia_f","No","SURVEY_WEIGHTED",1324,345,1324,334,27091307.3220674,5211920.11676186,0.670715335230433,0.647355922756726,0.220856274317161,0.228286232028514,0.0492929527573359
"COMMON_7_CYCLES","2015_2016","hyperlipidemia_f","Yes","UNWEIGHTED",1324,345,1324,334,,,0.335347432024169,0.356287425149701,0.222889531858964,0.229346695829897,0.0440361008531898
"COMMON_7_CYCLES","2015_2016","hyperlipidemia_f","Yes","SURVEY_WEIGHTED",1324,345,1324,334,27091307.3220674,5211920.11676186,0.329284664769567,0.352644077243274,0.220856274317161,0.228286232028514,0.0492929527573362
"COMMON_7_CYCLES","2017_2018","stroke","1","UNWEIGHTED",1319,366,1319,366,,,0.0470053070507961,0.046448087431694,0.0447958081598564,0.0442906626056317,0.00264019205440494
"COMMON_7_CYCLES","2017_2018","stroke","1","SURVEY_WEIGHTED",1319,366,1319,366,27466243.7217609,5529792.25714714,0.0360541450472999,0.0472940005224526,0.0347542436722082,0.0450572780370349,0.056265596732423
"COMMON_7_CYCLES","2017_2018","RIDAGEYR","CONTINUOUS","UNWEIGHTED",1319,366,1319,366,,,50.1948445792267,53.4672131147541,307.527257164749,305.055086458567,0.186979919510448
"COMMON_7_CYCLES","2017_2018","RIDAGEYR","CONTINUOUS","SURVEY_WEIGHTED",1319,366,1319,366,27466243.7217609,5529792.25714714,47.5258533010521,50.8961237336296,294.899380093331,313.101607959344,0.19329810909498
"COMMON_7_CYCLES","2017_2018","sex","Female","UNWEIGHTED",1319,366,1319,366,,,0.491281273692191,0.538251366120219,0.24992398381157,0.248536832989937,0.0940851106973467
"COMMON_7_CYCLES","2017_2018","sex","Female","SURVEY_WEIGHTED",1319,366,1319,366,27466243.7217609,5529792.25714714,0.503140263219636,0.540313446465814,0.249990138746911,0.248374826034048,0.0744682243644222
"COMMON_7_CYCLES","2017_2018","sex","Male","UNWEIGHTED",1319,366,1319,366,,,0.508718726307809,0.461748633879781,0.24992398381157,0.248536832989937,0.0940851106973464
"COMMON_7_CYCLES","2017_2018","sex","Male","SURVEY_WEIGHTED",1319,366,1319,366,27466243.7217609,5529792.25714714,0.496859736780364,0.459686553534187,0.249990138746911,0.248374826034048,0.074468224364422
"COMMON_7_CYCLES","2017_2018","race_eth_f","Non-Hispanic White","UNWEIGHTED",1319,366,1319,366,,,0.379075056861259,0.224043715846995,0.235377158126892,0.173848129236466,0.342730907052953
"COMMON_7_CYCLES","2017_2018","race_eth_f","Non-Hispanic White","SURVEY_WEIGHTED",1319,366,1319,366,27466243.7217609,5529792.25714714,0.649498459401986,0.494971689315287,0.227650210636433,0.249974716091658,0.31620973256905
"COMMON_7_CYCLES","2017_2018","race_eth_f","Mexican American","UNWEIGHTED",1319,366,1319,366,,,0.130401819560273,0.163934426229508,0.113397185015643,0.13705993012631,0.0947579432493389
"COMMON_7_CYCLES","2017_2018","race_eth_f","Mexican American","SURVEY_WEIGHTED",1319,366,1319,366,27466243.7217609,5529792.25714714,0.0842157166059273,0.112149318118653,0.0771234296824775,0.0995718485641739,0.0939787056235083
"COMMON_7_CYCLES","2017_2018","race_eth_f","Other Hispanic","UNWEIGHTED",1319,366,1319,366,,,0.0841546626231994,0.120218579234973,0.0770726553819749,0.105766072441697,0.119276199460263
"COMMON_7_CYCLES","2017_2018","race_eth_f","Other Hispanic","SURVEY_WEIGHTED",1319,366,1319,366,27466243.7217609,5529792.25714714,0.0629408184068945,0.104131974676684,0.0589792717851649,0.0932885065266187,0.149284588518752
"COMMON_7_CYCLES","2017_2018","race_eth_f","Non-Hispanic Black","UNWEIGHTED",1319,366,1319,366,,,0.224412433661865,0.270491803278689,0.174051493279824,0.197325987637732,0.106933490684961
"COMMON_7_CYCLES","2017_2018","race_eth_f","Non-Hispanic Black","SURVEY_WEIGHTED",1319,366,1319,366,27466243.7217609,5529792.25714714,0.106989053100353,0.159824881199986,0.095542395617043,0.134280888549396,0.155864246072903
"COMMON_7_CYCLES","2017_2018","race_eth_f","Other/Multiracial","UNWEIGHTED",1319,366,1319,366,,,0.181956027293404,0.221311475409836,0.148848031425006,0.172332706261758,0.098207603649567
"COMMON_7_CYCLES","2017_2018","race_eth_f","Other/Multiracial","SURVEY_WEIGHTED",1319,366,1319,366,27466243.7217609,5529792.25714714,0.0963559524848391,0.128922136689391,0.0870714829055785,0.112301219360833,0.10314520070001
"COMMON_7_CYCLES","2017_2018","edu_f","College or above","UNWEIGHTED",1319,366,1319,363,,,0.578468536770281,0.49862258953168,0.243842688737131,0.249998102740402,0.160684651524848
"COMMON_7_CYCLES","2017_2018","edu_f","College or above","SURVEY_WEIGHTED",1319,366,1319,363,27466243.7217609,5495329.31868529,0.634162676584705,0.535963516090333,0.232000376211628,0.24870662551042,0.200300737756218
"COMMON_7_CYCLES","2017_2018","edu_f","High school graduate","UNWEIGHTED",1319,366,1319,363,,,0.23805913570887,0.212121212121212,0.181386983614416,0.16712580348944,0.0621356499840136
"COMMON_7_CYCLES","2017_2018","edu_f","High school graduate","SURVEY_WEIGHTED",1319,366,1319,363,27466243.7217609,5495329.31868529,0.268500052049878,0.292664742137482,0.196407774099091,0.207012090847083,0.0538043745978463
"COMMON_7_CYCLES","2017_2018","edu_f","Less than high school","UNWEIGHTED",1319,366,1319,363,,,0.183472327520849,0.289256198347107,0.149810232554931,0.205587050064886,0.250944337868526
"COMMON_7_CYCLES","2017_2018","edu_f","Less than high school","SURVEY_WEIGHTED",1319,366,1319,363,27466243.7217609,5495329.31868529,0.0973372713654169,0.171371741772186,0.0878627269685521,0.142003467894153,0.218379274358168
"COMMON_7_CYCLES","2017_2018","marital_f","Married/partnered","UNWEIGHTED",1319,366,1319,365,,,0.588324488248673,0.619178082191781,0.24219878477561,0.235796584725089,0.0631115596240551
"COMMON_7_CYCLES","2017_2018","marital_f","Married/partnered","SURVEY_WEIGHTED",1319,366,1319,365,27466243.7217609,5522813.86713029,0.604077693445486,0.683475772498213,0.239167833727067,0.216336640906184,0.16637139928764
"COMMON_7_CYCLES","2017_2018","marital_f","Never married","UNWEIGHTED",1319,366,1319,365,,,0.184988627748294,0.175342465753425,0.150767835352097,0.144597485456934,0.0251009291245418
"COMMON_7_CYCLES","2017_2018","marital_f","Never married","SURVEY_WEIGHTED",1319,366,1319,365,27466243.7217609,5522813.86713029,0.212672598479994,0.1510858759838,0.167442964335762,0.128258934062008,0.160167734984639
"COMMON_7_CYCLES","2017_2018","marital_f","Separated/divorced/widowed","UNWEIGHTED",1319,366,1319,365,,,0.226686884003033,0.205479452054795,0.175299940624028,0.163257646838056,0.0515450308961578
"COMMON_7_CYCLES","2017_2018","marital_f","Separated/divorced/widowed","SURVEY_WEIGHTED",1319,366,1319,365,27466243.7217609,5522813.86713029,0.18324970807452,0.165438351517987,0.149669252565123,0.138068503364998,0.0469584301106089
"COMMON_7_CYCLES","2017_2018","pir","CONTINUOUS","UNWEIGHTED",1319,366,1319,139,,,2.58463987869598,2.33841726618705,2.60355645215659,2.51522501303305,0.153907448515681
"COMMON_7_CYCLES","2017_2018","pir","CONTINUOUS","SURVEY_WEIGHTED",1319,366,1319,139,27466243.7217609,2059818.77598543,3.14107989108837,2.81161391419279,2.71229221247906,2.90900067326459,0.196520320461228
"COMMON_7_CYCLES","2017_2018","bmi","CONTINUOUS","UNWEIGHTED",1319,366,1319,347,,,29.8028051554208,29.9587896253602,58.8484063891691,54.7990771434759,0.0206926659799153
"COMMON_7_CYCLES","2017_2018","bmi","CONTINUOUS","SURVEY_WEIGHTED",1319,366,1319,347,27466243.7217609,5303226.62172457,29.5634019171538,29.6476915016676,52.0311076121883,65.8182690148103,0.0109805796389389
"COMMON_7_CYCLES","2017_2018","smoking_f","Never","UNWEIGHTED",1319,366,1319,366,,,0.583017437452616,0.592896174863388,0.243108105078801,0.241370300695751,0.020071472148712
"COMMON_7_CYCLES","2017_2018","smoking_f","Never","SURVEY_WEIGHTED",1319,366,1319,366,27466243.7217609,5529792.25714714,0.617131662040167,0.572850107520516,0.236280173747708,0.244692861834249,0.0902978669976217
"COMMON_7_CYCLES","2017_2018","smoking_f","Ever","UNWEIGHTED",1319,366,1319,366,,,0.416982562547384,0.407103825136612,0.243108105078801,0.241370300695751,0.0200714721487118
"COMMON_7_CYCLES","2017_2018","smoking_f","Ever","SURVEY_WEIGHTED",1319,366,1319,366,27466243.7217609,5529792.25714714,0.382868337959833,0.427149892479484,0.236280173747708,0.244692861834249,0.0902978669976217
"COMMON_7_CYCLES","2017_2018","hypertension_f","No","UNWEIGHTED",1319,366,1319,361,,,0.645185746777862,0.595567867036011,0.228921098932555,0.240866782790187,0.102376975484393
"COMMON_7_CYCLES","2017_2018","hypertension_f","No","SURVEY_WEIGHTED",1319,366,1319,361,27466243.7217609,5461752.22076386,0.704632900253126,0.647064712480262,0.208125376133994,0.228371970343098,0.123227248706051
"COMMON_7_CYCLES","2017_2018","hypertension_f","Yes","UNWEIGHTED",1319,366,1319,361,,,0.354814253222138,0.404432132963989,0.228921098932555,0.240866782790187,0.102376975484393
"COMMON_7_CYCLES","2017_2018","hypertension_f","Yes","SURVEY_WEIGHTED",1319,366,1319,361,27466243.7217609,5461752.22076386,0.295367099746874,0.352935287519738,0.208125376133994,0.228371970343098,0.123227248706051
"COMMON_7_CYCLES","2017_2018","diabetes_f","No","UNWEIGHTED",1319,366,1319,315,,,0.849886277482942,0.828571428571429,0.12757959282913,0.142040816326531,0.0580524929852587
"COMMON_7_CYCLES","2017_2018","diabetes_f","No","SURVEY_WEIGHTED",1319,366,1319,315,27466243.7217609,4754014.76982171,0.891547724703922,0.850794541548805,0.0966903792791814,0.126943189619564,0.121873150158396
"COMMON_7_CYCLES","2017_2018","diabetes_f","Yes","UNWEIGHTED",1319,366,1319,315,,,0.150113722517058,0.171428571428571,0.12757959282913,0.142040816326531,0.0580524929852587
"COMMON_7_CYCLES","2017_2018","diabetes_f","Yes","SURVEY_WEIGHTED",1319,366,1319,315,27466243.7217609,4754014.76982171,0.108452275296078,0.149205458451195,0.0966903792791814,0.126943189619564,0.121873150158395
"COMMON_7_CYCLES","2017_2018","hyperlipidemia_f","No","UNWEIGHTED",1319,366,1319,355,,,0.652767247915087,0.659154929577465,0.22666216796445,0.224669708391192,0.0134465310310207
"COMMON_7_CYCLES","2017_2018","hyperlipidemia_f","No","SURVEY_WEIGHTED",1319,366,1319,355,27466243.7217609,5422313.48491357,0.666858959738137,0.668929978980041,0.222158087555107,0.221462662201803,0.0043973719929451
"COMMON_7_CYCLES","2017_2018","hyperlipidemia_f","Yes","UNWEIGHTED",1319,366,1319,355,,,0.347232752084913,0.340845070422535,0.22666216796445,0.224669708391192,0.0134465310310208
"COMMON_7_CYCLES","2017_2018","hyperlipidemia_f","Yes","SURVEY_WEIGHTED",1319,366,1319,355,27466243.7217609,5422313.48491357,0.333141040261863,0.331070021019959,0.222158087555107,0.221462662201803,0.0043973719929451
"COMMON_7_CYCLES","Female","stroke","1","UNWEIGHTED",4642,1318,4642,1318,,,0.0389918138733305,0.0333839150227618,0.037471452324198,0.0322694292405148,0.0300311147271822
"COMMON_7_CYCLES","Female","stroke","1","SURVEY_WEIGHTED",4642,1318,4642,1318,90054080.7507461,20633016.4311017,0.0314515684732008,0.027927807218673,0.0304623673137764,0.0271478448026297,0.0207621219046507
"COMMON_7_CYCLES","Female","RIDAGEYR","CONTINUOUS","UNWEIGHTED",4642,1318,4642,1318,,,49.3927186557518,50.5379362670713,305.837335464461,327.064239321675,0.0643776215828655
"COMMON_7_CYCLES","Female","RIDAGEYR","CONTINUOUS","SURVEY_WEIGHTED",4642,1318,4642,1318,90054080.7507461,20633016.4311017,48.117110350858,48.9169853164987,283.426880169506,313.235189607341,0.0463097980594298
"COMMON_7_CYCLES","Female","sex","Female","UNWEIGHTED",4642,1318,4642,1318,,,1,1,0,0,0
"COMMON_7_CYCLES","Female","sex","Female","SURVEY_WEIGHTED",4642,1318,4642,1318,90054080.7507461,20633016.4311017,1,1,1.11022302462516e-16,0,1.49011611938477e-08
"COMMON_7_CYCLES","Female","sex","Male","UNWEIGHTED",4642,1318,4642,1318,,,0,0,0,0,0
"COMMON_7_CYCLES","Female","sex","Male","SURVEY_WEIGHTED",4642,1318,4642,1318,90054080.7507461,20633016.4311017,0,0,0,0,0
"COMMON_7_CYCLES","Female","race_eth_f","Non-Hispanic White","UNWEIGHTED",4642,1318,4642,1318,,,0.430848772081,0.31638846737481,0.245218107677294,0.216286805087029,0.238276784804658
"COMMON_7_CYCLES","Female","race_eth_f","Non-Hispanic White","SURVEY_WEIGHTED",4642,1318,4642,1318,90054080.7507461,20633016.4311017,0.687205627634255,0.573715863616363,0.214954052982065,0.244565971451294,0.236766072532222
"COMMON_7_CYCLES","Female","race_eth_f","Mexican American","UNWEIGHTED",4642,1318,4642,1318,,,0.145196036191297,0.175265553869499,0.124114147265632,0.144547539496317,0.082042444373205
"COMMON_7_CYCLES","Female","race_eth_f","Mexican American","SURVEY_WEIGHTED",4642,1318,4642,1318,90054080.7507461,20633016.4311017,0.0701235521402687,0.0958954008648059,0.0652062395754997,0.0866994729577841,0.0935133290878736
"COMMON_7_CYCLES","Female","race_eth_f","Other Hispanic","UNWEIGHTED",4642,1318,4642,1318,,,0.0984489444205084,0.122154779969651,0.0887567497629961,0.107232989700217,0.0757274961113894
"COMMON_7_CYCLES","Female","race_eth_f","Other Hispanic","SURVEY_WEIGHTED",4642,1318,4642,1318,90054080.7507461,20633016.4311017,0.0535163178382581,0.0787089678948133,0.0506523215632926,0.0725138662677466,0.101518011436943
"COMMON_7_CYCLES","Female","race_eth_f","Non-Hispanic Black","UNWEIGHTED",4642,1318,4642,1318,,,0.220594571305472,0.241274658573596,0.171932606416027,0.183061197703791,0.0490859248740158
"COMMON_7_CYCLES","Female","race_eth_f","Non-Hispanic Black","SURVEY_WEIGHTED",4642,1318,4642,1318,90054080.7507461,20633016.4311017,0.116161860740986,0.151943151778804,0.102668282850178,0.128856430406327,0.105165266516016
"COMMON_7_CYCLES","Female","race_eth_f","Other/Multiracial","UNWEIGHTED",4642,1318,4642,1318,,,0.104911676001723,0.144916540212443,0.0939052162402328,0.123915736585298,0.121221030523715
"COMMON_7_CYCLES","Female","race_eth_f","Other/Multiracial","SURVEY_WEIGHTED",4642,1318,4642,1318,90054080.7507461,20633016.4311017,0.072992641646232,0.0997366158452142,0.0676647159117368,0.0897892233049584,0.0953156419624035
"COMMON_7_CYCLES","Female","edu_f","College or above","UNWEIGHTED",4642,1318,4642,1309,,,0.554933218440327,0.464476699770817,0.246982341511787,0.248738095140827,0.181692271901394
"COMMON_7_CYCLES","Female","edu_f","College or above","SURVEY_WEIGHTED",4642,1318,4642,1309,90054080.7507461,20506646.9315555,0.634367402479201,0.54757727121179,0.231945401150992,0.24773640326404,0.177218363021464
"COMMON_7_CYCLES","Female","edu_f","High school graduate","UNWEIGHTED",4642,1318,4642,1309,,,0.22834984920293,0.213139801375096,0.176206195571929,0.16771122644488,0.0366790846623355
"COMMON_7_CYCLES","Female","edu_f","High school graduate","SURVEY_WEIGHTED",4642,1318,4642,1309,90054080.7507461,20506646.9315555,0.230235858805093,0.232999169804454,0.177227308125374,0.178710556674889,0.0065502468678794
"COMMON_7_CYCLES","Female","edu_f","Less than high school","UNWEIGHTED",4642,1318,4642,1309,,,0.216716932356743,0.322383498854087,0.169750703586626,0.218452378520684,0.239840822066825
"COMMON_7_CYCLES","Female","edu_f","Less than high school","SURVEY_WEIGHTED",4642,1318,4642,1309,90054080.7507461,20506646.9315555,0.135396738715706,0.219423558983756,0.117064461860857,0.171276860746658,0.221299016617619
"COMMON_7_CYCLES","Female","marital_f","Married/partnered","UNWEIGHTED",4642,1318,4642,1313,,,0.544592847910383,0.528560548362529,0.248011477915241,0.249184295077232,0.0321548955059432
"COMMON_7_CYCLES","Female","marital_f","Married/partnered","SURVEY_WEIGHTED",4642,1318,4642,1313,90054080.7507461,20515229.1442069,0.605681284705295,0.596902682538486,0.238831466063038,0.240609870116845,0.0179296837007306
"COMMON_7_CYCLES","Female","marital_f","Never married","UNWEIGHTED",4642,1318,4642,1313,,,0.177078845325291,0.172124904798172,0.145721927863553,0.142497921946392,0.0130497996033575
"COMMON_7_CYCLES","Female","marital_f","Never married","SURVEY_WEIGHTED",4642,1318,4642,1313,90054080.7507461,20515229.1442069,0.160278518734176,0.157677528885277,0.134589315166554,0.13281532576991,0.00711326821892843
"COMMON_7_CYCLES","Female","marital_f","Separated/divorced/widowed","UNWEIGHTED",4642,1318,4642,1313,,,0.278328306764326,0.299314546839299,0.200861660418029,0.209725348889684,0.0463177049962858
"COMMON_7_CYCLES","Female","marital_f","Separated/divorced/widowed","SURVEY_WEIGHTED",4642,1318,4642,1313,90054080.7507461,20515229.1442069,0.234040196560529,0.245419788576237,0.179265382954438,0.185188915951432,0.0266575450044417
"COMMON_7_CYCLES","Female","pir","CONTINUOUS","UNWEIGHTED",4642,1318,4642,749,,,2.4902068074106,2.17447263017356,2.67830976114305,2.60662903300658,0.194230135111955
"COMMON_7_CYCLES","Female","pir","CONTINUOUS","SURVEY_WEIGHTED",4642,1318,4642,749,90054080.7507461,12079907.0463522,2.99190693593874,2.63282998955297,2.73874155574484,2.95563877773477,0.212803754381937
"COMMON_7_CYCLES","Female","bmi","CONTINUOUS","UNWEIGHTED",4642,1318,4642,1263,,,29.5810275743214,29.4377513855899,58.4940682608211,56.3633746544652,0.0189064263209143
"COMMON_7_CYCLES","Female","bmi","CONTINUOUS","SURVEY_WEIGHTED",4642,1318,4642,1263,90054080.7507461,19922414.3976009,28.9921881149813,28.8423606448809,55.8527399871417,60.7759211481104,0.0196202166726862
"COMMON_7_CYCLES","Female","smoking_f","Never","UNWEIGHTED",4642,1318,4642,1313,,,0.6292546316243,0.695354150799695,0.233293240203667,0.21183675576533,0.140110236979438
"COMMON_7_CYCLES","Female","smoking_f","Never","SURVEY_WEIGHTED",4642,1318,4642,1313,90054080.7507461,20585934.5860519,0.608788570155057,0.638355451958508,0.238165047003618,0.230857768913357,0.0610553237021871
"COMMON_7_CYCLES","Female","smoking_f","Ever","UNWEIGHTED",4642,1318,4642,1313,,,0.3707453683757,0.304645849200305,0.233293240203667,0.21183675576533,0.140110236979438
"COMMON_7_CYCLES","Female","smoking_f","Ever","SURVEY_WEIGHTED",4642,1318,4642,1313,90054080.7507461,20585934.5860519,0.391211429844943,0.361644548041492,0.238165047003618,0.230857768913357,0.0610553237021869
"COMMON_7_CYCLES","Female","hypertension_f","No","UNWEIGHTED",4642,1318,4642,1314,,,0.632916846186988,0.63089802130898,0.232333111999704,0.232865708017394,0.0041859529590608
"COMMON_7_CYCLES","Female","hypertension_f","No","SURVEY_WEIGHTED",4642,1318,4642,1314,90054080.7507461,20530207.9065029,0.683988510237206,0.659814564624157,0.216148228100694,0.224459304933991,0.0515034805908032
"COMMON_7_CYCLES","Female","hypertension_f","Yes","UNWEIGHTED",4642,1318,4642,1314,,,0.367083153813012,0.36910197869102,0.232333111999704,0.232865708017394,0.00418595295906069
"COMMON_7_CYCLES","Female","hypertension_f","Yes","SURVEY_WEIGHTED",4642,1318,4642,1314,90054080.7507461,20530207.9065029,0.316011489762794,0.340185435375843,0.216148228100694,0.224459304933991,0.0515034805908034
"COMMON_7_CYCLES","Female","diabetes_f","No","UNWEIGHTED",4642,1318,4642,1185,,,0.87483843171047,0.873417721518987,0.109496150112836,0.110559205255568,0.00428306359259369
"COMMON_7_CYCLES","Female","diabetes_f","No","SURVEY_WEIGHTED",4642,1318,4642,1185,90054080.7507461,18520237.3576833,0.906661712485495,0.898325110456789,0.0846262515983645,0.0913371063795869,0.0281056055576003
"COMMON_7_CYCLES","Female","diabetes_f","Yes","UNWEIGHTED",4642,1318,4642,1185,,,0.12516156828953,0.126582278481013,0.109496150112836,0.110559205255568,0.00428306359259378
"COMMON_7_CYCLES","Female","diabetes_f","Yes","SURVEY_WEIGHTED",4642,1318,4642,1185,90054080.7507461,18520237.3576833,0.0933382875145048,0.101674889543211,0.0846262515983645,0.0913371063795868,0.0281056055576001
"COMMON_7_CYCLES","Female","hyperlipidemia_f","No","UNWEIGHTED",4642,1318,4642,1199,,,0.66393795777682,0.663886572143453,0.223124345999965,0.223141191471069,0.000108782750811403
"COMMON_7_CYCLES","Female","hyperlipidemia_f","No","SURVEY_WEIGHTED",4642,1318,4642,1199,90054080.7507461,18678336.6137897,0.672000673473678,0.678993600718969,0.220415768324601,0.217961290901658,0.014936543162547
"COMMON_7_CYCLES","Female","hyperlipidemia_f","Yes","UNWEIGHTED",4642,1318,4642,1199,,,0.33606204222318,0.336113427856547,0.223124345999965,0.223141191471069,0.000108782750811638
"COMMON_7_CYCLES","Female","hyperlipidemia_f","Yes","SURVEY_WEIGHTED",4642,1318,4642,1199,90054080.7507461,18678336.6137897,0.327999326526322,0.321006399281031,0.220415768324601,0.217961290901658,0.0149365431625467
"COMMON_7_CYCLES","Male","stroke","1","UNWEIGHTED",4724,1189,4724,1189,,,0.0353513971210838,0.0496215306980656,0.0341016758426713,0.0471592343892465,0.0707949362263517
"COMMON_7_CYCLES","Male","stroke","1","SURVEY_WEIGHTED",4724,1189,4724,1189,88353453.9631722,18112277.4607257,0.0235627229511838,0.0359868051963699,0.0230075210383095,0.0346917550481284,0.0731465981912798
"COMMON_7_CYCLES","Male","RIDAGEYR","CONTINUOUS","UNWEIGHTED",4724,1189,4724,1189,,,49.1754868755292,51.4280908326325,312.43394481901,335.507661419352,0.125150303297114
"COMMON_7_CYCLES","Male","RIDAGEYR","CONTINUOUS","SURVEY_WEIGHTED",4724,1189,4724,1189,88353453.9631722,18112277.4607257,46.1214603548167,48.3427491013431,273.529665266083,307.12547178525,0.130364960661867
"COMMON_7_CYCLES","Male","sex","Female","UNWEIGHTED",4724,1189,4724,1189,,,0,0,0,0,0
"COMMON_7_CYCLES","Male","sex","Female","SURVEY_WEIGHTED",4724,1189,4724,1189,88353453.9631722,18112277.4607257,0,0,0,0,0
"COMMON_7_CYCLES","Male","sex","Male","UNWEIGHTED",4724,1189,4724,1189,,,1,1,0,0,0
"COMMON_7_CYCLES","Male","sex","Male","SURVEY_WEIGHTED",4724,1189,4724,1189,88353453.9631722,18112277.4607257,1,1,0,1.11022302462516e-16,1.49011611938477e-08
"COMMON_7_CYCLES","Male","race_eth_f","Non-Hispanic White","UNWEIGHTED",4724,1189,4724,1189,,,0.442209991532599,0.358284272497897,0.246660314921338,0.22991665257855,0.171926785721577
"COMMON_7_CYCLES","Male","race_eth_f","Non-Hispanic White","SURVEY_WEIGHTED",4724,1189,4724,1189,88353453.9631722,18112277.4607257,0.689569509129033,0.591210461069182,0.214063401208577,0.241680651791547,0.206048192710004
"COMMON_7_CYCLES","Male","race_eth_f","Mexican American","UNWEIGHTED",4724,1189,4724,1189,,,0.147544453852667,0.169049621530698,0.125775087989985,0.140471846991026,0.0589407316419201
"COMMON_7_CYCLES","Male","race_eth_f","Mexican American","SURVEY_WEIGHTED",4724,1189,4724,1189,88353453.9631722,18112277.4607257,0.086839353213542,0.113178712489836,0.0792982799469957,0.100369291528979,0.0878790503752469
"COMMON_7_CYCLES","Male","race_eth_f","Other Hispanic","UNWEIGHTED",4724,1189,4724,1189,,,0.0821337849280271,0.105130361648444,0.0753878263014237,0.0940779687081114,0.0790018320598148
"COMMON_7_CYCLES","Male","race_eth_f","Other Hispanic","SURVEY_WEIGHTED",4724,1189,4724,1189,88353453.9631722,18112277.4607257,0.0518064274798516,0.0754206247133301,0.0491225215516265,0.0697323540811811,0.0968678550302866
"COMMON_7_CYCLES","Male","race_eth_f","Non-Hispanic Black","UNWEIGHTED",4724,1189,4724,1189,,,0.219517358171041,0.223717409587889,0.171329487632648,0.173667930235174,0.010112573299976
"COMMON_7_CYCLES","Male","race_eth_f","Non-Hispanic Black","SURVEY_WEIGHTED",4724,1189,4724,1189,88353453.9631722,18112277.4607257,0.10119904331558,0.124369936698825,0.0909577969475911,0.108902055544355,0.0732984845124248
"COMMON_7_CYCLES","Male","race_eth_f","Other/Multiracial","UNWEIGHTED",4724,1189,4724,1189,,,0.108594411515665,0.143818334735071,0.0968016653032312,0.123134621329102,0.106219506540349
"COMMON_7_CYCLES","Male","race_eth_f","Other/Multiracial","SURVEY_WEIGHTED",4724,1189,4724,1189,88353453.9631722,18112277.4607257,0.0705856668619933,0.095820265028828,0.065603330495641,0.0866387418386332,0.0914627063388864
"COMMON_7_CYCLES","Male","edu_f","College or above","UNWEIGHTED",4724,1189,4724,1183,,,0.51735817104149,0.444632290786137,0.249698693898094,0.246934416776409,0.145943967700871
"COMMON_7_CYCLES","Male","edu_f","College or above","SURVEY_WEIGHTED",4724,1189,4724,1183,88353453.9631722,18021957.7082807,0.601712114018999,0.529390577607606,0.239654645861786,0.249136193947891,0.146292180250005
"COMMON_7_CYCLES","Male","edu_f","High school graduate","UNWEIGHTED",4724,1189,4724,1183,,,0.241532599491956,0.220625528317836,0.183194602874614,0.171949904572312,0.0496141601692597
"COMMON_7_CYCLES","Male","edu_f","High school graduate","SURVEY_WEIGHTED",4724,1189,4724,1183,88353453.9631722,18021957.7082807,0.238198905970457,0.237142816563386,0.181460187164934,0.18090610111577,0.0024810858425502
"COMMON_7_CYCLES","Male","edu_f","Less than high school","UNWEIGHTED",4724,1189,4724,1183,,,0.241109229466554,0.334742180896027,0.182975568932599,0.222689853224999,0.207902501753212
"COMMON_7_CYCLES","Male","edu_f","Less than high school","SURVEY_WEIGHTED",4724,1189,4724,1183,88353453.9631722,18021957.7082807,0.160088980010544,0.233466605829007,0.134460498489728,0.17895994979169,0.185359560001342
"COMMON_7_CYCLES","Male","marital_f","Married/partnered","UNWEIGHTED",4724,1189,4724,1186,,,0.655165114309907,0.623102866779089,0.225923787301194,0.23484568419077,0.0667985617983695
"COMMON_7_CYCLES","Male","marital_f","Married/partnered","SURVEY_WEIGHTED",4724,1189,4724,1186,88353453.9631722,18080553.9285473,0.675633156603444,0.646858669262176,0.21915299430151,0.228432531262543,0.0608253442959241
"COMMON_7_CYCLES","Male","marital_f","Never married","UNWEIGHTED",4724,1189,4724,1186,,,0.188611346316681,0.209106239460371,0.15303710635729,0.165380820079113,0.0513643623725798
"COMMON_7_CYCLES","Male","marital_f","Never married","SURVEY_WEIGHTED",4724,1189,4724,1186,88353453.9631722,18080553.9285473,0.200948097682676,0.211924449810961,0.16056795972039,0.167012477383283,0.0271215215188545
"COMMON_7_CYCLES","Male","marital_f","Separated/divorced/widowed","UNWEIGHTED",4724,1189,4724,1186,,,0.156223539373412,0.16779089376054,0.131817745119056,0.139637109731579,0.031397873285299
"COMMON_7_CYCLES","Male","marital_f","Separated/divorced/widowed","SURVEY_WEIGHTED",4724,1189,4724,1186,88353453.9631722,18080553.9285473,0.12341874571388,0.141216880926863,0.108186558920293,0.121274673468151,0.052545416492205
"COMMON_7_CYCLES","Male","pir","CONTINUOUS","UNWEIGHTED",4724,1189,4724,645,,,2.62209356477561,2.418,2.67541592094947,2.52531695652174,0.126564537130973
"COMMON_7_CYCLES","Male","pir","CONTINUOUS","SURVEY_WEIGHTED",4724,1189,4724,645,88353453.9631722,10321004.909857,3.11874818015243,2.89228653920943,2.66736310536886,2.61102054568549,0.139398843653291
"COMMON_7_CYCLES","Male","bmi","CONTINUOUS","UNWEIGHTED",4724,1189,4724,1119,,,28.9190347163421,28.5703663985702,41.1186799488263,33.2506536223404,0.0571782078909474
"COMMON_7_CYCLES","Male","bmi","CONTINUOUS","SURVEY_WEIGHTED",4724,1189,4724,1119,88353453.9631722,17045102.5092252,29.0453461379721,28.7197327927334,40.0119702563557,33.7741770771993,0.053608021189252
"COMMON_7_CYCLES","Male","smoking_f","Never","UNWEIGHTED",4724,1189,4724,1185,,,0.474174428450466,0.423628691983122,0.24933303985414,0.244167423311791,0.101754996635122
"COMMON_7_CYCLES","Male","smoking_f","Never","SURVEY_WEIGHTED",4724,1189,4724,1185,88353453.9631722,18086409.1717453,0.503620528630951,0.445007324136021,0.249986891772432,0.246975805601319,0.117584091482148
"COMMON_7_CYCLES","Male","smoking_f","Ever","UNWEIGHTED",4724,1189,4724,1185,,,0.525825571549534,0.576371308016878,0.24933303985414,0.244167423311791,0.101754996635122
"COMMON_7_CYCLES","Male","smoking_f","Ever","SURVEY_WEIGHTED",4724,1189,4724,1185,88353453.9631722,18086409.1717453,0.496379471369049,0.554992675863979,0.249986891772432,0.246975805601319,0.117584091482148
"COMMON_7_CYCLES","Male","hypertension_f","No","UNWEIGHTED",4724,1189,4724,1181,,,0.646486028789162,0.627434377646063,0.228541843369581,0.233760479393961,0.0396263964847321
"COMMON_7_CYCLES","Male","hypertension_f","No","SURVEY_WEIGHTED",4724,1189,4724,1181,88353453.9631722,18047230.231181,0.680313171284696,0.663074064323416,0.217487160261256,0.223406849545043,0.0367166173085706
"COMMON_7_CYCLES","Male","hypertension_f","Yes","UNWEIGHTED",4724,1189,4724,1181,,,0.353513971210838,0.372565622353937,0.228541843369581,0.233760479393961,0.0396263964847322
"COMMON_7_CYCLES","Male","hypertension_f","Yes","SURVEY_WEIGHTED",4724,1189,4724,1181,88353453.9631722,18047230.231181,0.319686828715304,0.336925935676584,0.217487160261256,0.223406849545043,0.0367166173085705
"COMMON_7_CYCLES","Male","diabetes_f","No","UNWEIGHTED",4724,1189,4724,1035,,,0.863039796782388,0.851207729468599,0.118202105952203,0.126653130761511,0.0338158984963987
"COMMON_7_CYCLES","Male","diabetes_f","No","SURVEY_WEIGHTED",4724,1189,4724,1035,88353453.9631722,15345420.7597963,0.90047613620809,0.885733414933749,0.0896188643278392,0.101209732603548,0.0477277459264535
"COMMON_7_CYCLES","Male","diabetes_f","Yes","UNWEIGHTED",4724,1189,4724,1035,,,0.136960203217612,0.148792270531401,0.118202105952203,0.126653130761511,0.0338158984963986
"COMMON_7_CYCLES","Male","diabetes_f","Yes","SURVEY_WEIGHTED",4724,1189,4724,1035,88353453.9631722,15345420.7597963,0.0995238637919099,0.114266585066251,0.0896188643278392,0.101209732603548,0.0477277459264533
"COMMON_7_CYCLES","Male","hyperlipidemia_f","No","UNWEIGHTED",4724,1189,4724,1072,,,0.663844199830652,0.645522388059702,0.223155078181853,0.228823234573402,0.0385411453452546
"COMMON_7_CYCLES","Male","hyperlipidemia_f","No","SURVEY_WEIGHTED",4724,1189,4724,1072,88353453.9631722,16377253.0378597,0.665132195707718,0.629242779535624,0.222731357940748,0.233296303937906,0.0751598315111169
"COMMON_7_CYCLES","Male","hyperlipidemia_f","Yes","UNWEIGHTED",4724,1189,4724,1072,,,0.336155800169348,0.354477611940299,0.223155078181853,0.228823234573402,0.0385411453452547
"COMMON_7_CYCLES","Male","hyperlipidemia_f","Yes","SURVEY_WEIGHTED",4724,1189,4724,1072,88353453.9631722,16377253.0378597,0.334867804292282,0.370757220464376,0.222731357940748,0.233296303937906,0.0751598315111169
